U3 Section Name,U3 Sect ID,Length (km),Orig Area (km-sq),FM3pt1_Zeng,FM3pt1_NeoKinema,FM3pt1_Geologic,FM3pt1_ABM,FM3pt2_Zeng,FM3pt2_NeoKinema,FM3pt2_Geologic,FM3pt2_ABM,FM3pt1_Zeng,FM3pt1_NeoKinema,FM3pt1_Geologic,FM3pt1_ABM,FM3pt2_Zeng,FM3pt2_NeoKinema,FM3pt2_Geologic,FM3pt2_ABM,FM3pt1_Zeng,FM3pt1_NeoKinema,FM3pt1_Geologic,FM3pt1_ABM,FM3pt2_Zeng,FM3pt2_NeoKinema,FM3pt2_Geologic,FM3pt2_ABM,U2 Section Name,Length (km),Orig Area (km-sq),DM2pt1,DM2pt2,DM2pt3,DM2pt4,DM2pt5,DM2pt6,Aseis,coupCoeff
Airport Lake,861,47.22,801.28,0.474,0.649,0.39,0.435,0.535,0.649,0.39,0.435,0.1,0.1,0.1,0.1,0.1,0.1,0.1,0.1,1,1,1,1,1,1,1,1,NA,NA,NA,NA,NA,NA,NA,NA,NA,NA,NA
Almanor 2011 CFM,667,34.57,345.73,2.25,0.852,2,2.16,2.07,0.853,2,2.16,0.1,0.1,0.1,0.1,0.1,0.1,0.1,0.1,1,1,1,1,1,1,1,1,NA,NA,NA,NA,NA,NA,NA,NA,NA,NA,NA
Anacapa-Dume alt 1,219,50.94,1116.64,0.496,0.42,0.39,3.19,NA,NA,NA,NA,0.1,0.1,0.1,0.1,NA,NA,NA,NA,1,1,1,1,NA,NA,NA,NA,"Anacapa-Dume, alt 1",50.94,1116.64,3,3,3,NA,NA,NA,0,1
Anaheim,197,15.72,172.95,0.158,0.1,0.15,6.12E-18,0.158,0.116,0.15,6.12E-18,0.1,0.1,0.1,0.1,0.1,0.1,0.1,0.1,1,1,1,1,1,1,1,1,NA,NA,NA,NA,NA,NA,NA,NA,NA,NA,NA
Antelope Valley 2011,722,44.69,758.32,0.974,1.89,1,1.02,0.984,1.9,1,1.02,0.1,0.1,0.1,0.1,0.1,0.1,0.1,0.1,1,1,1,1,1,1,1,1,NA,NA,NA,NA,NA,NA,NA,NA,NA,NA,NA
Ash Hill,845,49.2,639.58,0.37,0.916,0.3,0.348,0.44,0.93,0.3,0.348,0.1,0.1,0.1,0.1,0.1,0.1,0.1,0.1,1,1,1,1,1,1,1,1,NA,NA,NA,NA,NA,NA,NA,NA,NA,NA,NA
Baker,881,87.67,1139.71,0.0316,0.146,0.01,1.71,0.0224,0.116,0.01,1.71,0.1,0.1,0.1,0.1,0.1,0.1,0.1,0.1,1,1,1,1,1,1,1,1,NA,NA,NA,NA,NA,NA,NA,NA,NA,NA,NA
Bartlett Springs 2011 CFM,668,163.94,2377.19,7.54,4.11,4,6.51,7.27,3.78,4,6.51,0.1,0.22,0.22,0.13,0.11,0.22,0.22,0.13,1,0.96,0.96,1,1,0.96,0.96,1,Bartlett Springs,174.16,2612.37,6,6,6,6,6,6,0.5,1
Battle Creek 2011 CFM,669,69.43,1422.83,0.0854,0.038,0.1,3.3,0.0632,0.085,0.1,3.3,0.1,0.1,0.1,0.1,0.1,0.1,0.1,0.1,1,1,1,1,1,1,1,1,Battle Creek,29.05,330.87,0.5,0.5,0.5,0.5,0.5,0.5,0,1
Bear River fault zone,842,59.12,682.66,0.1,3.42,0.01,0.148,0.1,3.52,0.01,0.148,0.1,0.1,0.1,0.1,0.1,0.1,0.1,0.1,1,1,1,1,1,1,1,1,NA,NA,NA,NA,NA,NA,NA,NA,NA,NA,NA
Bennett Valley 2011 CFM,581,33.15,331.46,0.0316,3.66,0.01,0.0786,0.0316,4.06,0.01,0.0786,0.1,0.1,0.1,0.1,0.1,0.1,0.1,0.1,1,1,1,1,1,1,1,1,NA,NA,NA,NA,NA,NA,NA,NA,NA,NA,NA
Bicycle Lake,158,20.11,247.4,0.1,2.38,0.01,0.072,0.1,2.34,0.01,0.072,0.1,0.1,0.1,0.1,0.1,0.1,0.1,0.1,1,1,1,1,1,1,1,1,NA,NA,NA,NA,NA,NA,NA,NA,NA,NA,NA
Big Lagoon - Bald Mtn 2011 CFM,741,196.77,4459.81,1.15,1.02,1,0.986,1.12,0.998,1,0.986,0.1,0.1,0.1,0.1,0.1,0.1,0.1,0.1,1,1,1,1,1,1,1,1,Big Lagoon-Bald Mtn,90.16,2043.45,0.5,0.5,0.5,0.5,0.5,0.5,0,1
Big Pine (Central),192,22.85,155.44,0.01,1.57,0.01,0.118,0.01,1.46,0.01,0.118,0.1,0.1,0.1,0.1,0.1,0.1,0.1,0.1,1,1,1,1,1,1,1,1,NA,NA,NA,NA,NA,NA,NA,NA,NA,NA,NA
Big Pine (East),191,23.51,351.53,0.389,1.01,0.39,0.328,0.389,1.05,0.39,0.328,0.1,0.1,0.1,0.1,0.1,0.1,0.1,0.1,1,1,1,1,1,1,1,1,NA,NA,NA,NA,NA,NA,NA,NA,NA,NA,NA
Big Pine (West),200,18.09,259.75,0.01,0.102,0.01,2.17E-10,0.01,0.156,0.01,2.17E-10,0.1,0.1,0.1,0.1,0.1,0.1,0.1,0.1,1,1,1,1,1,1,1,1,NA,NA,NA,NA,NA,NA,NA,NA,NA,NA,NA
Blackwater,87,63.32,766.13,0.519,0.405,0.5,0.485,0.519,0.404,0.5,0.485,0.1,0.1,0.1,0.1,0.1,0.1,0.1,0.1,1,1,1,1,1,1,1,1,Blackwater,59.55,720.54,0.5,0.5,0.5,0.5,0.5,0.5,0,1
Blue Cut,169,79.32,1039.09,0.0922,1.69,0.39,0.2,0.224,1.77,0.39,0.2,0.1,0.1,0.1,0.1,0.1,0.1,0.1,0.1,1,1,1,1,1,1,1,1,NA,NA,NA,NA,NA,NA,NA,NA,NA,NA,NA
Brawley (Seismic Zone) alt 1,170,59.9,790.69,23.7,27.1,23,22.5,NA,NA,NA,NA,0.9,0.9,0.9,0.9,NA,NA,NA,NA,1,1,1,1,NA,NA,NA,NA,NA,NA,NA,NA,NA,NA,NA,NA,NA,NA,NA
Breckenridge 2011,541,10.93,184.28,0.104,0.141,0.1,0.0722,0.104,0.134,0.1,0.0722,0.1,0.1,0.1,0.1,0.1,0.1,0.1,0.1,1,1,1,1,1,1,1,1,NA,NA,NA,NA,NA,NA,NA,NA,NA,NA,NA
Bullion Mountains,882,37.96,493.45,0.126,3.04,0.1,0.145,0.117,3.37,0.1,0.145,0.1,0.1,0.1,0.1,0.1,0.1,0.1,0.1,1,1,1,1,1,1,1,1,NA,NA,NA,NA,NA,NA,NA,NA,NA,NA,NA
Burnt Mtn,94,21.13,364.98,0.554,1.73,0.39,0.46,0.503,1.73,0.39,0.46,0.1,0.1,0.1,0.1,0.1,0.1,0.1,0.1,1,1,1,1,1,1,1,1,Burnt Mtn,21.13,364.98,0.6,0.6,0.6,0.6,0.6,0.6,0,1
Butano 2011 CFM,561,46.21,590.11,0.099,2.33,0.01,0.187,0.099,2.39,0.01,0.187,0.1,0.1,0.1,0.1,0.1,0.1,0.1,0.1,1,1,1,1,1,1,1,1,NA,NA,NA,NA,NA,NA,NA,NA,NA,NA,NA
Cady,165,31.93,443.77,0.455,1,0.6,0.499,0.455,1,0.6,0.499,0.1,0.1,0.1,0.1,0.1,0.1,0.1,0.1,1,1,1,1,1,1,1,1,NA,NA,NA,NA,NA,NA,NA,NA,NA,NA,NA
Calaveras (Central) 2011 CFM,602,52.21,589.47,9.63,10.4,15,9.95,9.55,10.8,15,9.95,0.47,0.42,0.24,0.49,0.47,0.42,0.24,0.49,0.95,0.95,1,0.95,0.95,0.95,1,0.95,Calaveras (Central),58.94,648.38,15,15,15,15,15,15,0.76,1
Calaveras (No) 2011 CFM,601,47.84,680.14,4.65,4.93,6,5.67,4.7,5.15,6,5.67,0.46,0.42,0.33,0.37,0.46,0.39,0.33,0.37,0.99,1,1,1,0.99,1,1,1,Calaveras (No),45.24,588.15,6,6,6,6,6,6,0.2,1
Calaveras (So) - Paicines extension 2011 CFM,621,59.63,795.57,8.6,9,10,11.9,8.46,9,10,11.9,0.57,0.55,0.5,0.48,0.59,0.55,0.5,0.48,0.83,0.83,0.83,0.95,0.83,0.83,0.83,0.95,NA,NA,NA,NA,NA,NA,NA,NA,NA,NA,NA
Calaveras (So) 2011 CFM,603,26.44,252.09,14,12,15,14.7,13.9,12.2,15,14.7,0.46,0.59,0.4,0.42,0.46,0.59,0.4,0.42,1,0.83,1,1,1,0.83,1,1,Calaveras (So),19.34,212.78,15,15,15,15,15,15,0.8,1
Calico-Hidalgo,88,118.19,1642.78,2.45,1.74,1.8,4.63,2.41,1.81,1.8,4.63,0.1,0.1,0.1,0.1,0.1,0.1,0.1,0.1,1,1,1,1,1,1,1,1,Calico-Hidalgo,116.95,1625.57,1.8,1.8,1.8,1.8,1.8,1.8,0,1
Camp Rock 2011,724,45.23,682.93,1.2,0.694,0.6,1.95,1.07,0.821,0.6,1.95,0.1,0.1,0.1,0.1,0.1,0.1,0.1,0.1,1,1,1,1,1,1,1,1,Camp Rock 2011,NA,NA,NA,NA,NA,NA,NA,NA,NA,NA
Canada David (Detachment),173,37.18,945.19,0.411,0.189,0.39,0.408,0.411,0.236,0.39,0.408,0.1,0.1,0.1,0.1,0.1,0.1,0.1,0.1,1,1,1,1,1,1,1,1,NA,NA,NA,NA,NA,NA,NA,NA,NA,NA,NA
Carlsbad,176,32.71,309.78,0.25,0.223,0.25,0.185,0.253,0.06,0.25,0.185,0.1,0.1,0.1,0.1,0.1,0.1,0.1,0.1,1,1,1,1,1,1,1,1,NA,NA,NA,NA,NA,NA,NA,NA,NA,NA,NA
Carson Range (Genoa),721,53.18,902.44,1.45,1.63,2,2.2,1.54,1.64,2,2.2,0.1,0.1,0.1,0.1,0.1,0.1,0.1,0.1,1,1,1,1,1,1,1,1,NA,NA,NA,NA,NA,NA,NA,NA,NA,NA,NA
Casmalia 2011 CFM,670,47.9,595.1,0.253,0.366,0.25,0.238,0.253,0.333,0.25,0.238,0.1,0.1,0.1,0.1,0.1,0.1,0.1,0.1,1,1,1,1,1,1,1,1,Casmalia (Orcutt Frontal),29.07,300.93,0.25,0.25,0.25,0.25,0.25,0.25,0,1
Cedar Mtn-Mahogany Mtn,34,77.81,853.6,0.506,0.463,0.39,0.116,0.474,0.461,0.39,0.116,0.1,0.1,0.1,0.1,0.1,0.1,0.1,0.1,1,1,1,1,1,1,1,1,Cedar Mtn-Mahogany Mtn,77.81,853.6,1,1,1,1,1,1,0,1
Cerro Prieto,172,84.54,1208.97,17.8,6.35,23.6,20.5,17.9,6.58,23.6,20.5,0.07,0.25,0.03,0.04,0.07,0.2,0.03,0.04,1,1,1,1,1,1,1,1,NA,NA,NA,NA,NA,NA,NA,NA,NA,NA,NA
Channel Islands Thrust,129,59.22,1263.99,1.41,1.14,1.5,1.41,1.2,0.957,1.5,1.41,0.1,0.1,0.1,0.1,0.1,0.1,0.1,0.1,1,1,1,1,1,1,1,1,Channel Islands Thrust,59.22,1263.99,1.5,1.5,1.5,1.5,1.5,1.5,0,1
Channel Islands Western Deep Ramp,214,62.13,1335.02,0.02,2.12,0.01,0.00909,0.01,1.76,0.01,0.00909,0.1,0.1,0.1,0.1,0.1,0.1,0.1,0.1,1,1,1,1,1,1,1,1,NA,NA,NA,NA,NA,NA,NA,NA,NA,NA,NA
Chino alt 1,238,24.35,286.1,1.03,0.443,1,3.33,NA,NA,NA,NA,0.1,0.1,0.1,0.1,NA,NA,NA,NA,1,1,1,1,NA,NA,NA,NA,"Chino, alt 1",24.35,286.1,1,1,1,NA,NA,NA,0,1
Clamshell-Sawpit,124,16.06,293.48,0.372,0.196,0.39,0.32,0.375,0.108,0.39,0.32,0.1,0.1,0.1,0.1,0.1,0.1,0.1,0.1,1,1,1,1,1,1,1,1,Clamshell-Sawpit,16.06,293.48,0.5,0.5,0.5,0.5,0.5,0.5,0,1
Clayton,844,16.45,263.17,0.411,1.19,0.39,0.542,0.411,1.81,0.39,0.542,0.1,0.1,0.1,0.1,0.1,0.1,0.1,0.1,1,1,1,1,1,1,1,1,NA,NA,NA,NA,NA,NA,NA,NA,NA,NA,NA
Cleghorn,81,25.87,400.94,0.519,0.6,0.45,0.686,0.569,0.6,0.45,0.686,0.1,0.1,0.1,0.1,0.1,0.1,0.1,0.1,1,1,1,1,1,1,1,1,Cleghorn,25.3,392.16,3,3,3,3,3,3,0,1
Cleghorn Lake,884,28.65,372.45,0.02,1.99,0.01,1.92,0.02,2.09,0.01,1.92,0.1,0.1,0.1,0.1,0.1,0.1,0.1,0.1,1,1,1,1,1,1,1,1,NA,NA,NA,NA,NA,NA,NA,NA,NA,NA,NA
Cleghorn Pass,883,20.14,261.88,0.02,0.681,0.01,0.0787,0.01,0.69,0.01,0.0787,0.1,0.1,0.1,0.1,0.1,0.1,0.1,0.1,1,1,1,1,1,1,1,1,NA,NA,NA,NA,NA,NA,NA,NA,NA,NA,NA
Collayami 2011 CFM,582,34.83,348.35,0.433,1,0.39,0.468,0.424,1,0.39,0.468,0.1,0.1,0.1,0.1,0.1,0.1,0.1,0.1,1,1,1,1,1,1,1,1,Collayomi,28.51,285.08,0.6,0.6,0.6,0.6,0.6,0.6,0,1
Compton,184,64.84,1971.58,1.19,0.868,0.9,0.898,1.13,1.02,0.9,0.898,0.1,0.1,0.1,0.1,0.1,0.1,0.1,0.1,1,1,1,1,1,1,1,1,NA,NA,NA,NA,NA,NA,NA,NA,NA,NA,NA
Concord 2011 CFM,622,18.23,273.39,3.47,3.67,4.3,3.61,3.47,3.68,4.3,3.61,0.55,0.46,0.34,0.48,0.55,0.46,0.34,0.48,1,1,1,1,1,1,1,1,Concord,17.2,275.13,4,4,4,4,4,4,0.5,1
Contra Costa (Lafayette) 2011 CFM,626,8.45,123.35,0.0316,3,0.01,0.101,0.0224,2.59,0.01,0.101,0.1,0.1,0.1,0.1,0.1,0.1,0.1,0.1,1,1,1,1,1,1,1,1,NA,NA,NA,NA,NA,NA,NA,NA,NA,NA,NA
Contra Costa Shear Zone (connector) 2011 CFM,633,30.01,391.91,0.0949,3,0.01,0.345,NA,NA,NA,NA,0.1,0.1,0.1,0.1,NA,NA,NA,NA,1,1,1,1,NA,NA,NA,NA,NA,NA,NA,NA,NA,NA,NA,NA,NA,NA,NA
Coronado Bank alt1,776,129.16,1110.78,2.77,0.636,1.83,3.72,NA,NA,NA,NA,0.1,0.1,0.1,0.1,NA,NA,NA,NA,1,1,1,1,NA,NA,NA,NA,Coronado Bank,186.45,1603.46,3,3,3,3,3,3,0,1
Coyote Canyon,157,37.25,458.16,0.0224,3.52,0.01,0.142,0.01,3.25,0.01,0.142,0.1,0.1,0.1,0.1,0.1,0.1,0.1,0.1,1,1,1,1,1,1,1,1,NA,NA,NA,NA,NA,NA,NA,NA,NA,NA,NA
Coyote Lake,163,52.29,700.7,0.117,2.95,0.01,0.0822,0.0854,2.85,0.01,0.0822,0.1,0.1,0.1,0.1,0.1,0.1,0.1,0.1,1,1,1,1,1,1,1,1,NA,NA,NA,NA,NA,NA,NA,NA,NA,NA,NA
Cucamonga,125,29.18,536.4,1.64,1.71,1.5,5.41,1.64,1.66,1.5,5.41,0.1,0.1,0.1,0.1,0.1,0.1,0.1,0.1,1,1,1,1,1,1,1,1,Cucamonga,28.02,309.08,5,5,5,5,5,5,0,1
Davis Creek,894,30.06,333.56,0.411,0.481,0.39,0.388,0.411,0.468,0.39,0.388,0.1,0.1,0.1,0.1,0.1,0.1,0.1,0.1,1,1,1,1,1,1,1,1,NA,NA,NA,NA,NA,NA,NA,NA,NA,NA,NA
Death Valley (Black Mtns Frontal),245,77.38,1161.53,3.86,2.88,3,2.41,3.8,2.86,3,2.41,0.1,0.1,0.1,0.1,0.1,0.1,0.1,0.1,1,1,1,1,1,1,1,1,Death Valley (Black Mtns Frontal),76.1,1142.32,4,4,4,4,4,4,0,1
Death Valley (Fish Lake Valley),45,76.85,999.1,3.07,2.39,3,4.21,2.97,2.38,3,4.21,0.1,0.1,0.1,0.1,0.1,0.1,0.1,0.1,1,1,1,1,1,1,1,1,Death Valley (No of Cucamongo),76.85,999.1,5,5,5,5,5,5,0,1
Death Valley (No),46,108.88,1415.48,5.24,3.1,4.5,2.24,5.04,3.09,4.5,2.24,0.1,0.1,0.1,0.1,0.1,0.1,0.1,0.1,1,1,1,1,1,1,1,1,Death Valley (No),106.62,1386.06,5,5,5,5,5,5,0,1
Death Valley (So),246,41.92,544.99,2.35,1.09,1.83,2.26,2.61,1.08,1.83,2.26,0.1,0.1,0.1,0.1,0.1,0.1,0.1,0.1,1,1,1,1,1,1,1,1,Death Valley (So),41.92,544.99,4,4,4,4,4,4,0,1
Deep Springs,51,25.35,430.19,1.24,0.774,1.2,2.79,1.24,0.723,1.2,2.79,0.1,0.1,0.1,0.1,0.1,0.1,0.1,0.1,1,1,1,1,1,1,1,1,Deep Springs,25.35,430.19,0.8,0.8,0.8,0.8,0.8,0.8,0,1
Del Valle,230,9.17,180.26,0.392,5.78,0.39,0.377,0.381,3.93,0.39,0.377,0.1,0.1,0.1,0.1,0.1,0.1,0.1,0.1,1,1,1,1,1,1,1,1,NA,NA,NA,NA,NA,NA,NA,NA,NA,NA,NA
Dog Valley,889,29.83,447.52,0.01,1.13,0.01,0.115,0.01,1.13,0.01,0.115,0.1,0.1,0.1,0.1,0.1,0.1,0.1,0.1,1,1,1,1,1,1,1,1,NA,NA,NA,NA,NA,NA,NA,NA,NA,NA,NA
Dry Mountain,888,29.9,507.42,0.01,0.823,0.01,0.0465,0.01,0.819,0.01,0.0465,0.1,0.1,0.1,0.1,0.1,0.1,0.1,0.1,1,1,1,1,1,1,1,1,NA,NA,NA,NA,NA,NA,NA,NA,NA,NA,NA
Earthquake Valley,249,20.38,383.07,1.67,1.39,2.5,1.97,1.75,0.112,2.5,1.97,0.1,0.1,0.1,0.1,0.1,0.1,0.1,0.1,1,1,1,1,1,1,1,1,Earthquake Valley,20.38,383.07,2,2,2,2,2,2,0,1
Earthquake Valley (No  Extension),255,33.06,621.54,1.62,1.36,2.5,1.92,1.72,0.112,2.5,1.92,0.1,0.1,0.1,0.1,0.1,0.1,0.1,0.1,1,1,1,1,1,1,1,1,NA,NA,NA,NA,NA,NA,NA,NA,NA,NA,NA
Earthquake Valley (So Extension),256,9.33,175.37,1.65,1.77,2.5,1.99,1.75,0.331,2.5,1.99,0.1,0.1,0.1,0.1,0.1,0.1,0.1,0.1,1,1,1,1,1,1,1,1,NA,NA,NA,NA,NA,NA,NA,NA,NA,NA,NA
East Huasna 2011 CFM,671,74.02,1110.33,0.104,0.041,0.01,0.0125,0.104,0.577,0.01,0.0125,0.1,0.1,0.1,0.1,0.1,0.1,0.1,0.1,1,1,1,1,1,1,1,1,NA,NA,NA,NA,NA,NA,NA,NA,NA,NA,NA
Eaton Roughs 2011 CFM,672,97.84,1467.63,3.38,4.93,0.39,3.43,3.34,4.7,0.39,3.43,0.1,0.1,0.1,0.1,0.1,0.1,0.1,0.1,1,1,1,1,1,1,1,1,NA,NA,NA,NA,NA,NA,NA,NA,NA,NA,NA
Elmore Ranch,96,29.02,330.79,1.23,5.9,1,1.43,1.14,2.66,1,1.43,0.1,0.1,0.1,0.1,0.1,0.1,0.1,0.1,1,1,1,1,1,1,1,1,Elmore Ranch,29.02,330.79,1,1,1,1,1,1,0,1
Elsinore (Coyote Mountains),103,38.84,517.67,1.91,1.47,2.5,3.49,1.97,1.41,2.5,3.49,0.2,0.4,0.15,0.1,0.2,0.4,0.15,0.1,1,1,1,1,1,1,1,1,Elsinore (Coyote Mountain),38.84,517.67,4,4,4,4,4,4,0,1
Elsinore (Glen Ivy) rev,296,25.85,341.16,5.38,2.73,5,3.64,5.36,2.99,5,3.64,0.1,0.1,0.1,0.1,0.1,0.1,0.1,0.1,1,1,1,1,1,1,1,1,Elsinore (Glen Ivy) rev,25.85,341.16,5,5,5,5,5,5,0,1
Elsinore (Julian),102,75.5,1427.16,2.61,1.47,3,3.54,2.69,2.03,3,3.54,0.1,0.1,0.1,0.1,0.1,0.1,0.1,0.1,1,1,1,1,1,1,1,1,Elsinore (Julian),75.5,1427.16,5,5,5,5,5,5,0,1
Elsinore (Stepovers Combined),402,11.79,161.57,4.53,1.66,5,3.56,4.55,2.01,5,3.56,0.1,0.1,0.1,0.1,0.1,0.1,0.1,0.1,1,1,1,1,1,1,1,1,Elsinore (Stepovers Combined),11.79,161.57,5,5,5,5,5,5,0,1
Elsinore (Temecula) rev,299,40,568.05,4.83,3.93,5,3.26,4.84,4,5,3.26,0.1,0.1,0.1,0.1,0.1,0.1,0.1,0.1,1,1,1,1,1,1,1,1,Elsinore (Temecula) rev,40,568.05,5,5,5,5,5,5,0,1
Elysian Park (Lower CFM),196,41.51,520.81,0.0316,0.134,0.01,0.0228,0.0224,0.121,0.01,0.0228,0.1,0.1,0.1,0.1,0.1,0.1,0.1,0.1,1,1,1,1,1,1,1,1,NA,NA,NA,NA,NA,NA,NA,NA,NA,NA,NA
Elysian Park (Upper),146,20.17,315.97,1.83,1.8,1.9,1.76,1.86,1.83,1.9,1.76,0.1,0.1,0.1,0.1,0.1,0.1,0.1,0.1,1,1,1,1,1,1,1,1,Elysian Park (Upper),20.17,315.97,1.3,1.3,1.3,1.3,1.3,1.3,0,1
Emerson-Copper Mtn 2011,90,72.37,1020.36,0.585,3.63,0.39,0.925,0.535,3.63,0.39,0.925,0.1,0.1,0.1,0.1,0.1,0.1,0.1,0.1,1,1,1,1,1,1,1,1,So Emerson-Copper Mtn,54.07,762.42,0.6,0.6,0.6,0.6,0.6,0.6,0,1
Eureka Peak,95,18.86,282.96,0.535,6.06,0.39,0.472,0.493,6.16,0.39,0.472,0.1,0.1,0.1,0.1,0.1,0.1,0.1,0.1,1,1,1,1,1,1,1,1,Eureka Peak,18.86,282.96,0.6,0.6,0.6,0.6,0.6,0.6,0,1
Fickle Hill (alt1),20,32.14,728.55,0.696,0.589,0.6,0.528,NA,NA,NA,NA,0.1,0.1,0.1,0.1,NA,NA,NA,NA,1,1,1,1,NA,NA,NA,NA,Fickle Hill,32.14,728.55,0.6,0.6,0.6,0.6,0.6,0.6,0,1
Fish Slough 2011 CFM,698,29.47,544.51,0.199,0.69,0.2,0.203,0.202,0.87,0.2,0.203,0.1,0.1,0.1,0.1,0.1,0.1,0.1,0.1,1,1,1,1,1,1,1,1,Fish Slough,25.99,441.03,0.2,0.2,0.2,0.2,0.2,0.2,0,1
Fitzhugh Creek,893,45.74,507.56,0.01,0.282,0.01,0.00132,0.01,0.272,0.01,0.00132,0.1,0.1,0.1,0.1,0.1,0.1,0.1,0.1,1,1,1,1,1,1,1,1,NA,NA,NA,NA,NA,NA,NA,NA,NA,NA,NA
Fontana (Seismicity),204,23.9,395.54,0.411,0.25,0.39,0.382,0.411,0.044,0.39,0.382,0.1,0.1,0.1,0.1,0.1,0.1,0.1,0.1,1,1,1,1,1,1,1,1,NA,NA,NA,NA,NA,NA,NA,NA,NA,NA,NA
Franklin 2011 CFM,634,38.03,501.96,0.01,2.92,0.01,3.66,0.01,3.19,0.01,3.66,0.1,0.1,0.1,0.1,0.1,0.1,0.1,0.1,1,1,1,1,1,1,1,1,NA,NA,NA,NA,NA,NA,NA,NA,NA,NA,NA
Garberville - Briceland 2011 CFM,699,60.15,1491.72,2.08,2.6,2.6,11.5,2.25,2.62,2.6,11.5,0.4,0.4,0.4,0.4,0.4,0.4,0.4,0.4,1,1,1,1,1,1,1,1,NA,NA,NA,NA,NA,NA,NA,NA,NA,NA,NA
Garlic Springs,159,13.67,173.58,0.02,2.2,0.01,0.00368,0.01,2.1,0.01,0.00368,0.1,0.1,0.1,0.1,0.1,0.1,0.1,0.1,1,1,1,1,1,1,1,1,NA,NA,NA,NA,NA,NA,NA,NA,NA,NA,NA
Garlock (Central),341,111.05,1277.11,7.52,5.6,7,4.11,7.49,5.58,7,4.11,0.03,0.03,0.03,0.03,0.03,0.03,0.03,0.03,1,1,1,1,1,1,1,1,Garlock (Central),111.05,1277.11,7,7,7,7,7,7,0,1
Garlock (East),48,45.19,519.65,4.87,1.18,3,0.678,5.25,1.17,3,0.678,0,0,0,0,0,0,0,0,1,1,1,1,1,1,1,1,Garlock (East),45.19,519.65,3,3,3,3,3,3,0,1
Garlock (West),49,97.65,1435.47,1.68,5.74,6.68,4.39,1.62,5.68,6.68,4.39,0.37,0.05,0.05,0.07,0.37,0.05,0.05,0.07,0.89,1,1,1,0.89,1,1,1,Garlock (West),97.65,1435.47,6,6,6,6,6,6,0.1,1
Gillem - Big Crack 2011 CFM,700,35.54,398.11,0.338,0.319,0.4,0.393,0.348,0.319,0.4,0.393,0.1,0.1,0.1,0.1,0.1,0.1,0.1,0.1,1,1,1,1,1,1,1,1,Gillem-Big Crack,32.52,413.09,1,1,1,1,1,1,0,1
Goldstone Lake,160,34.74,430.77,0.0224,3.32,0.01,0.0272,0.02,3.27,0.01,0.0272,0.1,0.1,0.1,0.1,0.1,0.1,0.1,0.1,1,1,1,1,1,1,1,1,NA,NA,NA,NA,NA,NA,NA,NA,NA,NA,NA
Goose Lake 2011 CFM,701,62.75,628.95,0.1,0.092,0.01,0.0126,0.1,0.091,0.01,0.0126,0.1,0.1,0.1,0.1,0.1,0.1,0.1,0.1,1,1,1,1,1,1,1,1,NA,NA,NA,NA,NA,NA,NA,NA,NA,NA,NA
Gravel Hills-Harper Lk,86,65.13,742.52,0.971,0.87,0.7,2.28,0.882,1.1,0.7,2.28,0.1,0.1,0.1,0.1,0.1,0.1,0.1,0.1,1,1,1,1,1,1,1,1,Gravel Hills-Harper Lk,65.13,742.52,0.7,0.7,0.7,0.7,0.7,0.7,0,1
Great Valley 01,131,43.71,439.11,0.1,0.059,0.01,0.0868,0.1,0.136,0.01,0.0868,0.1,0.1,0.1,0.1,0.1,0.1,0.1,0.1,1,1,1,1,1,1,1,1,Great Valley 1,43.71,439.11,0.1,0.1,0.1,0.1,0.1,0.1,0,1
Great Valley 02,133,21.9,219.98,0.1,0.202,0.01,0.0868,0.1,0.287,0.01,0.0868,0.1,0.1,0.1,0.1,0.1,0.1,0.1,0.1,1,1,1,1,1,1,1,1,Great Valley 2,21.9,219.98,0.1,0.1,0.1,0.1,0.1,0.1,0,1
Great Valley 03 Mysterious Ridge,132,51.44,752.05,1.45,2,1.3,0.299,1.45,1.91,1.3,0.299,0.1,0.1,0.1,0.1,0.1,0.1,0.1,0.1,1,1,1,1,1,1,1,1,"Great Valley 3, Mysterious Ridge",51.44,752.05,1.25,1.25,1.25,1.25,1.25,1.25,0,1
Great Valley 03a Dunnigan Hills,383,27.37,240.04,0.2,0.257,0.6,0.632,0.2,0.246,0.6,0.632,0.1,0.1,0.1,0.1,0.1,0.1,0.1,0.1,1,1,1,1,1,1,1,1,NA,NA,NA,NA,NA,NA,NA,NA,NA,NA,NA
Great Valley 04a Trout Creek,134,19.19,280.49,1.28,1.68,1.3,0.285,1.32,1.6,1.3,0.285,0.1,0.1,0.1,0.1,0.1,0.1,0.1,0.1,1,1,1,1,1,1,1,1,"Great Valley 4a, Trout Creek",19.19,280.49,1.25,1.25,1.25,1.25,1.25,1.25,0,1
Great Valley 04b Gordon Valley,381,28.48,416.41,1.38,0.551,1.3,0.594,1.38,0.442,1.3,0.594,0.1,0.1,0.1,0.1,0.1,0.1,0.1,0.1,1,1,1,1,1,1,1,1,"Great Valley 4b, Gordon Valley",28.48,416.41,1.25,1.25,1.25,1.25,1.25,1.25,0,1
Great Valley 05 Pittsburg - Kirby Hills alt1,717,21.06,277.68,1.48,0.251,1.8,1.22,NA,NA,NA,NA,0.1,0.1,0.1,0.1,NA,NA,NA,NA,1,1,1,1,NA,NA,NA,NA,"Great Valley 5, Pittsburg Kirby Hills",31.92,319.23,1,1,1,1,1,1,0,1
Great Valley 06 (Midland) 2011 CFM alt1,645,68.71,1315.36,0.462,0.137,0.4,0.37,NA,NA,NA,NA,0.1,0.1,0.1,0.1,NA,NA,NA,NA,1,1,1,1,NA,NA,NA,NA,NA,NA,NA,NA,NA,NA,NA,NA,NA,NA,NA
Great Valley 07 (Orestimba),136,65.88,500.8,0.885,0.064,0.9,0.428,0.894,0.049,0.9,0.428,0.1,0.1,0.1,0.1,0.1,0.1,0.1,0.1,1,1,1,1,1,1,1,1,Great Valley 7,44.61,448.17,1.5,1.5,1.5,1.5,1.5,1.5,0,1
Great Valley 08 (Quinto),137,19.39,275.22,0.528,0.098,0.5,0.3,0.528,0.053,0.5,0.3,0.1,0.1,0.1,0.1,0.1,0.1,0.1,0.1,1,1,1,1,1,1,1,1,Great Valley 8,40.82,410.04,1.5,1.5,1.5,1.5,1.5,1.5,0,1
Great Valley 09 (Laguna Seca),151,39.01,239.97,1.74,2.2,1.7,1.74,1.75,1.8,1.7,1.74,0.1,0.1,0.1,0.1,0.1,0.1,0.1,0.1,1,1,1,1,1,1,1,1,Great Valley 9,39.01,391.83,1.5,1.5,1.5,1.5,1.5,1.5,0,1
Great Valley 10 (Panoche),138,21.58,216.77,1.01,1.54,1,1.08,1.02,1.46,1,1.08,0.1,0.1,0.1,0.1,0.1,0.1,0.1,0.1,1,1,1,1,1,1,1,1,Great Valley 10,21.58,216.77,1.5,1.5,1.5,1.5,1.5,1.5,0,1
Great Valley 11,139,24.48,245.96,0.93,2.73,1,2.92,0.956,2.72,1,2.92,0.1,0.1,0.1,0.1,0.1,0.1,0.1,0.1,1,1,1,1,1,1,1,1,Great Valley 11,24.48,245.96,1.5,1.5,1.5,1.5,1.5,1.5,0,1
Great Valley 12,140,17.45,175.34,0.926,0.132,1,2.84,0.967,0.181,1,2.84,0.1,0.1,0.1,0.1,0.1,0.1,0.1,0.1,1,1,1,1,1,1,1,1,Great Valley 12,17.45,175.34,1.5,1.5,1.5,1.5,1.5,1.5,0,1
Great Valley 13 (Coalinga),142,31.58,744.3,0.844,2.17,1,2.61,0.939,1.83,1,2.61,0.1,0.1,0.1,0.1,0.1,0.1,0.1,0.1,1,1,1,1,1,1,1,1,Great Valley 13 (Coalinga),31.58,744.3,1.5,1.5,1.5,1.5,1.5,1.5,0,1
Great Valley 14 (Kettleman Hills),141,24.01,922.96,0.961,0.658,1,2.49,1.01,0.754,1,2.49,0.1,0.1,0.1,0.1,0.1,0.1,0.1,0.1,1,1,1,1,1,1,1,1,Great Valley 14 (Kettleman Hills),24.01,922.96,1.5,1.5,1.5,1.5,1.5,1.5,0,1
Green Valley 2011 CFM,623,42.99,605.24,4.56,4.41,4,3.6,4.56,4.41,4,3.6,0.63,0.66,0.79,0.9,0.63,0.66,0.79,0.9,1,0.93,0.9,0.5,1,0.93,0.9,0.5,NA,NA,NA,NA,NA,NA,NA,NA,NA,NA,NA
Greenville (No) 2011 CFM,636,50.53,757,3.46,2.01,3,3.31,3.41,3.11,3,3.31,0.3,0.9,0.4,0.32,0.3,0.4,0.4,0.32,1,0.5,1,1,1,1,1,1,Greenville (No),26.55,398.22,2,2,2,2,2,2,0.1,1
Greenville (So) 2011 CFM,635,28.98,307.6,2.52,1.08,3,0.341,2.14,1.62,3,0.341,0.1,0.1,0.1,0.1,0.1,0.1,0.1,0.1,1,1,1,1,1,1,1,1,Greenville (So),23.59,353.87,2,2,2,2,2,2,0.1,1
Hartley Springs 2011 CFM,702,22.4,409.36,0.614,0.623,0.5,2.69,0.614,0.62,0.5,2.69,0.1,0.1,0.1,0.1,0.1,0.1,0.1,0.1,1,1,1,1,1,1,1,1,Hartley Springs,24.68,418.87,0.5,0.5,0.5,0.5,0.5,0.5,0,1
Hat Creek-McArthur-Mayfield,37,105.91,1174.01,0.591,0.569,0.6,1.24,0.591,0.568,0.6,1.24,0.1,0.1,0.1,0.1,0.1,0.1,0.1,0.1,1,1,1,1,1,1,1,1,Hat Creek-McArthur-Mayfield,96.74,1072.33,1.5,1.5,1.5,1.5,1.5,1.5,0,1
Hayward (No) 2011 CFM,639,53.34,597.88,9.62,7.06,9,8.68,9.73,7.13,9,8.68,0.12,0.22,0.15,0.15,0.12,0.21,0.15,0.15,1,1,1,1,1,1,1,1,Hayward (No),34.84,418.09,9,9,9,9,9,9,0.4,1
Hayward (So) 2011 CFM,638,54.37,750.92,9.73,7.57,9,8.53,9.77,7.55,9,8.53,0.16,0.24,0.16,0.19,0.16,0.24,0.16,0.19,1,1,1,1,1,1,1,1,Hayward (So),52.49,629.91,9,9,9,9,9,9,0.4,1
Hayward (So) extension 2011 CFM,637,23.09,158.48,9.92,5.9,0.39,8.38,9.88,1.37,0.39,8.38,0.4,0.4,0.4,0.4,0.4,0.4,0.4,0.4,1,1,1,1,1,1,1,1,NA,NA,NA,NA,NA,NA,NA,NA,NA,NA,NA
Hector Mine,167,27.9,407.27,0.389,2.53,0.3,0.435,0.367,2.67,0.3,0.435,0.1,0.1,0.1,0.1,0.1,0.1,0.1,0.1,1,1,1,1,1,1,1,1,NA,NA,NA,NA,NA,NA,NA,NA,NA,NA,NA
Helendale-So Lockhart,84,114.09,1460.31,0.87,0.11,0.6,0.369,0.848,0.11,0.6,0.369,0.1,0.1,0.1,0.1,0.1,0.1,0.1,0.1,1,1,1,1,1,1,1,1,Helendale-So Lockhart,114.09,1460.31,0.6,0.6,0.6,0.6,0.6,0.6,0,1
Hilton Creek 2011 CFM,703,30.52,589.7,1.5,2.2,1.5,2.05,1.5,2.2,1.5,2.05,0.1,0.1,0.1,0.1,0.1,0.1,0.1,0.1,1,1,1,1,1,1,1,1,Hilton Creek,29.33,497.75,2.5,2.5,2.5,2.5,2.5,2.5,0,1
Hollywood,108,18.99,349.67,0.971,1.83,0.9,3.55,0.953,3.23,0.9,3.55,0.1,0.1,0.1,0.1,0.1,0.1,0.1,0.1,1,1,1,1,1,1,1,1,Hollywood,16.84,310.1,1,1,1,1,1,1,0,1
Holser alt 1,228,23.1,506.68,0.424,1.03,0.4,0.392,NA,NA,NA,NA,0.1,0.1,0.1,0.1,NA,NA,NA,NA,1,1,1,1,NA,NA,NA,NA,"Holser, alt 1",19.62,430.38,0.4,0.4,0.4,NA,NA,NA,0,1
Homestead Valley 2011,723,45.71,726.8,0.535,0.787,0.39,1.25,0.493,0.785,0.39,1.25,0.1,0.1,0.1,0.1,0.1,0.1,0.1,0.1,1,1,1,1,1,1,1,1,Homestead Valley 2011,NA,NA,NA,NA,NA,NA,NA,NA,NA,NA
Honey Lake 2011 CFM,704,69.65,675.62,1.79,1.19,2.5,2.44,1.82,1.19,2.5,2.44,0.1,0.1,0.1,0.1,0.1,0.1,0.1,0.1,1,1,1,1,1,1,1,1,Honey Lake,57.48,632.26,2.5,2.5,2.5,2.5,2.5,2.5,0,1
Hosgri,30,171.35,2122.74,1.02,1.23,2.15,1.64,1.43,1.22,2.15,1.64,0.1,0.1,0.1,0.1,0.1,0.1,0.1,0.1,1,1,1,1,1,1,1,1,Hosgri,171.35,1183.13,2.5,2.5,2.5,2.5,2.5,2.5,0,1
Hosgri (Extension),208,28.65,218.21,0.392,0.107,0.6,1.08,0.465,0.002,0.6,1.08,0.1,0.1,0.1,0.1,0.1,0.1,0.1,0.1,1,1,1,1,1,1,1,1,NA,NA,NA,NA,NA,NA,NA,NA,NA,NA,NA
Hunter Mountain-Saline Valley,50,76.99,954.74,2.64,1.92,3.5,3.78,2.55,1.94,3.5,3.78,0.1,0.1,0.1,0.1,0.1,0.1,0.1,0.1,1,1,1,1,1,1,1,1,Hunter Mountain-Saline Valley,72.41,897.87,2.5,2.5,2.5,2.5,2.5,2.5,0,1
Hunting Creek - Bartlett Springs connector 2011,677,38.01,456.12,8.61,4.74,4,7.03,8.3,4.71,4,7.03,0.05,0.11,0.14,0.07,0.05,0.12,0.14,0.07,1,1,1,1,1,1,1,1,NA,NA,NA,NA,NA,NA,NA,NA,NA,NA,NA
Hunting Creek - Berryessa 2011 CFM,640,44.44,471.08,7.27,3.5,4,3.31,7.08,3.49,4,3.31,0.13,0.45,0.34,0.49,0.13,0.45,0.34,0.49,1,1,1,1,1,1,1,1,Hunting Creek-Berryessa,59.7,716.34,6,6,6,6,6,6,0,1
Imperial,97,62.37,692.8,13.2,15.2,19.8,17.1,13.3,10.2,19.8,17.1,0.15,0.1,0.05,0.09,0.15,0.2,0.05,0.09,1,1,1,1,1,1,1,1,Imperial,45.79,675.17,20,20,20,20,20,20,0.1,1
Incline Village 2011 CFM,678,20.32,302.37,0.307,0.275,0.3,0.323,0.29,0.275,0.3,0.323,0.1,0.1,0.1,0.1,0.1,0.1,0.1,0.1,1,1,1,1,1,1,1,1,NA,NA,NA,NA,NA,NA,NA,NA,NA,NA,NA
Independence rev 2011,65,75.06,1430.56,0.199,0.426,0.1,0.01,0.262,0.426,0.1,0.01,0.1,0.1,0.1,0.1,0.1,0.1,0.1,0.1,1,1,1,1,1,1,1,1,Independence,48.5,924.35,0.2,0.2,0.2,0.2,0.2,0.2,0,1
Jess Valley,892,37.28,583.98,0.01,0.289,0.01,0.0209,0.01,0.286,0.01,0.0209,0.1,0.1,0.1,0.1,0.1,0.1,0.1,0.1,1,1,1,1,1,1,1,1,NA,NA,NA,NA,NA,NA,NA,NA,NA,NA,NA
Johnson Valley (No) 2011 rev,91,51.99,826.69,0.535,2.29,0.39,1.2,0.493,2.12,0.39,1.2,0.1,0.1,0.1,0.1,0.1,0.1,0.1,0.1,1,1,1,1,1,1,1,1,Johnson Valley (No),35.23,560.2,0.6,0.6,0.6,0.6,0.6,0.6,0,1
Joshua Tree (Seismicity),168,17.47,232.32,0.02,0.205,0.01,0.1,0.01,0.114,0.01,0.1,0.1,0.1,0.1,0.1,0.1,0.1,0.1,0.1,1,1,1,1,1,1,1,1,NA,NA,NA,NA,NA,NA,NA,NA,NA,NA,NA
Keddie Ridge 2011 CFM,679,30.51,305.11,0.099,1.37,0.01,2.14,0.099,1.37,0.01,2.14,0.1,0.1,0.1,0.1,0.1,0.1,0.1,0.1,1,1,1,1,1,1,1,1,NA,NA,NA,NA,NA,NA,NA,NA,NA,NA,NA
Kern Canyon (Lake Isabella) 2011,542,35.4,596.81,0.212,0.219,0.2,0.269,0.212,0.218,0.2,0.269,0.1,0.1,0.1,0.1,0.1,0.1,0.1,0.1,1,1,1,1,1,1,1,1,NA,NA,NA,NA,NA,NA,NA,NA,NA,NA,NA
Kern Canyon (North Kern) 2011,544,52.07,877.86,0.19,0.196,0.2,0.29,0.19,0.197,0.2,0.29,0.1,0.1,0.1,0.1,0.1,0.1,0.1,0.1,1,1,1,1,1,1,1,1,NA,NA,NA,NA,NA,NA,NA,NA,NA,NA,NA
Kern Canyon (South Kern) 2011,543,48.16,811.96,0.285,0.248,0.2,0.289,0.285,0.249,0.2,0.289,0.1,0.1,0.1,0.1,0.1,0.1,0.1,0.1,1,1,1,1,1,1,1,1,NA,NA,NA,NA,NA,NA,NA,NA,NA,NA,NA
Kickapoo,92,6.23,94.04,0.655,1.36,0.6,1.66,0.645,1.44,0.6,1.66,0.1,0.1,0.1,0.1,0.1,0.1,0.1,0.1,1,1,1,1,1,1,1,1,Kickapoo,NA,NA,NA,NA,NA,NA,NA,NA,NA,NA
King Range 2011 CFM,680,42.09,564.36,0.01,1.51,0.01,0.0187,0.01,1.18,0.01,0.0187,0.1,0.1,0.1,0.1,0.1,0.1,0.1,0.1,1,1,1,1,1,1,1,1,NA,NA,NA,NA,NA,NA,NA,NA,NA,NA,NA
La Panza 2011,641,71.94,1286.69,0.1,0.239,0.01,9.72E-10,0.106,0.283,0.01,9.72E-10,0.1,0.1,0.1,0.1,0.1,0.1,0.1,0.1,1,1,1,1,1,1,1,1,NA,NA,NA,NA,NA,NA,NA,NA,NA,NA,NA
Laguna Salada,104,99.54,1323.9,2.85,1.38,3,3.22,2.92,1.16,3,3.22,0.4,0.9,0.35,0.32,0.4,0.9,0.35,0.32,1,0.5,1,1,1,0.5,1,1,Laguna Salada,99.54,1323.9,3.5,3.5,3.5,3.5,3.5,3.5,0,1
Lake Isabella (Seismicity),207,60.39,917.89,0.0224,1.01,0.01,0.00464,0.01,1.01,0.01,0.00464,0.1,0.1,0.1,0.1,0.1,0.1,0.1,0.1,1,1,1,1,1,1,1,1,NA,NA,NA,NA,NA,NA,NA,NA,NA,NA,NA
Las Positas,642,14.66,219.91,0.382,0.352,0.39,0.707,0.382,0.347,0.39,0.707,0.1,0.1,0.1,0.1,0.1,0.1,0.1,0.1,1,1,1,1,1,1,1,1,NA,NA,NA,NA,NA,NA,NA,NA,NA,NA,NA
Last Chance,890,38.84,760.44,0.01,0.624,0.01,0.0411,0.01,0.626,0.01,0.0411,0.1,0.1,0.1,0.1,0.1,0.1,0.1,0.1,1,1,1,1,1,1,1,1,NA,NA,NA,NA,NA,NA,NA,NA,NA,NA,NA
Lenwood-Lockhart-Old Woman Springs,85,145.25,1917.29,1.02,0.987,1,0.896,1.02,0.917,1,0.896,0.1,0.1,0.1,0.1,0.1,0.1,0.1,0.1,1,1,1,1,1,1,1,1,Lenwood-Lockhart-Old Woman Springs,145.25,1917.29,0.9,0.9,0.9,0.9,0.9,0.9,0,1
Likely 2011 CFM,705,91.09,856.29,0.379,0.63,0.3,1.2,0.37,0.661,0.3,1.2,0.1,0.1,0.1,0.1,0.1,0.1,0.1,0.1,1,1,1,1,1,1,1,1,Likely,64.03,704.28,0.3,0.3,0.3,0.3,0.3,0.3,0,1
Lions Head 2011 CFM,681,65.22,810.2,0.0224,0.05,0.02,3.06E-09,0.0224,0.05,0.02,3.06E-09,0.1,0.1,0.1,0.1,0.1,0.1,0.1,0.1,1,1,1,1,1,1,1,1,Lions Head,41.39,428.54,0.02,0.02,0.02,0.02,0.02,0.02,0,1
Little Lake,144,43.75,568.78,0.781,1.11,0.6,0.705,0.74,1.11,0.6,0.705,0.1,0.1,0.1,0.1,0.1,0.1,0.1,0.1,1,1,1,1,1,1,1,1,Little Lake,39.73,516.54,0.7,0.7,0.7,0.7,0.7,0.7,0,1
Little Salmon (Offshore),16,45.54,1184.16,1.25,4.58,1.1,1.28,1.21,4.99,1.1,1.28,0.1,0.1,0.1,0.1,0.1,0.1,0.1,0.1,1,1,1,1,1,1,1,1,Little Salmon (Offshore),45.54,1184.16,1,1,1,1,1,1,0,1
Little Salmon (Onshore),17,34.28,891.38,4.26,3.83,4.5,4.51,4.27,4.45,4.5,4.51,0.1,0.1,0.1,0.1,0.1,0.1,0.1,0.1,1,1,1,1,1,1,1,1,Little Salmon (Onshore),34.28,891.38,5,5,5,5,5,5,0,1
Los Alamos 2011 CFM,683,26.86,644.68,0.402,1.08,0.39,0.387,0.402,1.03,0.39,0.387,0.1,0.1,0.1,0.1,0.1,0.1,0.1,0.1,1,1,1,1,1,1,1,1,Los Alamos-West Baseline,27.79,555.86,0.7,0.7,0.7,0.7,0.7,0.7,0,1
Los Alamos extension,780,22.27,534.39,0.411,1.41,0.39,0.41,0.411,1.35,0.39,0.41,0.1,0.1,0.1,0.1,0.1,0.1,0.1,0.1,1,1,1,1,1,1,1,1,NA,NA,NA,NA,NA,NA,NA,NA,NA,NA,NA
Los Medanos - Roe Island,643,20.94,465.88,0.01,0.304,0.01,0.12,0.01,0.78,0.01,0.12,0.1,0.1,0.1,0.1,0.1,0.1,0.1,0.1,1,1,1,1,1,1,1,1,NA,NA,NA,NA,NA,NA,NA,NA,NA,NA,NA
Los Osos 2011,74,57.87,982.03,0.348,0.17,0.39,0.378,0.361,0.184,0.39,0.378,0.1,0.1,0.1,0.1,0.1,0.1,0.1,0.1,1,1,1,1,1,1,1,1,Los Osos,44.43,628.38,0.5,0.5,0.5,0.5,0.5,0.5,0,1
Lost Hills,201,32.6,524.53,0.93,0.16,1,2.4,0.952,0.068,1,2.4,0.1,0.1,0.1,0.1,0.1,0.1,0.1,0.1,1,1,1,1,1,1,1,1,NA,NA,NA,NA,NA,NA,NA,NA,NA,NA,NA
Ludlow,166,71.47,793.34,0.389,0.282,0.3,1.65,0.44,0.282,0.3,1.65,0.1,0.1,0.1,0.1,0.1,0.1,0.1,0.1,1,1,1,1,1,1,1,1,NA,NA,NA,NA,NA,NA,NA,NA,NA,NA,NA
Maacama 2011 CFM,644,174.66,2136.69,8.1,9.53,7.7,10.4,8.06,9.67,7.7,10.4,0.08,0.06,0.09,0.06,0.08,0.06,0.09,0.06,1,1,1,1,1,1,1,1,Maacama-Garberville,221.08,2652.95,9,9,9,9,9,9,0.4,1
Mad River (alt1),22,41.65,943.88,0.92,0.814,0.7,0.68,NA,NA,NA,NA,0.1,0.1,0.1,0.1,NA,NA,NA,NA,1,1,1,1,NA,NA,NA,NA,Mad River,41.65,943.88,0.7,0.7,0.7,0.7,0.7,0.7,0,1
Malibu Coast (Extension) alt 1,221,34.63,280.97,0.353,0.803,0.3,0.304,NA,NA,NA,NA,0.1,0.1,0.1,0.1,NA,NA,NA,NA,1,1,1,1,NA,NA,NA,NA,NA,NA,NA,NA,NA,NA,NA,NA,NA,NA,NA
Malibu Coast alt 1,220,37.81,305.31,0.438,2.3,0.3,0.28,NA,NA,NA,NA,0.1,0.1,0.1,0.1,NA,NA,NA,NA,1,1,1,1,NA,NA,NA,NA,"Malibu Coast, alt 1",37.81,305.31,0.3,0.3,0.3,NA,NA,NA,0,1
Manix-Afton Hills,164,58.92,777.73,0.0316,2.14,0.01,0.154,0.0224,2.15,0.01,0.154,0.1,0.1,0.1,0.1,0.1,0.1,0.1,0.1,1,1,1,1,1,1,1,1,NA,NA,NA,NA,NA,NA,NA,NA,NA,NA,NA
McKinleyville (alt1),21,47.38,1073.85,0.664,0.635,0.6,1.13,NA,NA,NA,NA,0.1,0.1,0.1,0.1,NA,NA,NA,NA,1,1,1,1,NA,NA,NA,NA,McKinleyville,47.38,1073.85,0.6,0.6,0.6,0.6,0.6,0.6,0,1
McLean Lake,155,53.35,592.19,0.01,1.66,0.01,0.12,0.01,1.62,0.01,0.12,0.1,0.1,0.1,0.1,0.1,0.1,0.1,0.1,1,1,1,1,1,1,1,1,NA,NA,NA,NA,NA,NA,NA,NA,NA,NA,NA
Mendocino,13,178.29,1782.95,35.6,40.7,35,31.6,37.3,40.9,35,31.6,0.1,0.1,0.1,0.1,0.1,0.1,0.1,0.1,0.32,0.32,0.32,0.32,0.32,0.32,0.32,0.32,NA,NA,NA,NA,NA,NA,NA,NA,NA,NA,NA
Mission (connected) 2011 CFM,605,28.06,143.12,1.32,0.99,0.01,2.04,1.5,0.442,0.01,2.04,0.1,0.1,0.1,0.1,0.1,0.1,0.1,0.1,1,1,1,1,1,1,1,1,NA,NA,NA,NA,NA,NA,NA,NA,NA,NA,NA
Mission Creek,250,31.39,612.94,0.835,0.708,1.09,0.946,0.825,0.264,1.09,0.946,0.1,0.1,0.1,0.1,0.1,0.1,0.1,0.1,1,1,1,1,1,1,1,1,NA,NA,NA,NA,NA,NA,NA,NA,NA,NA,NA
Mission Hills 2011,779,13.1,231.92,1.05,0.646,1.25,1.18,1.09,0.559,1.25,1.18,0.1,0.1,0.1,0.1,0.1,0.1,0.1,0.1,1,1,1,1,1,1,1,1,NA,NA,NA,NA,NA,NA,NA,NA,NA,NA,NA
Mission Ridge-Arroyo Parida-Santa Ana,78,68.89,557.16,1.11,1.36,0.9,1.56,1.02,1.51,0.9,1.56,0.1,0.1,0.1,0.1,0.1,0.1,0.1,0.1,1,1,1,1,1,1,1,1,Mission Ridge-Arroyo Parida-Santa Ana,68.89,557.16,0.4,0.4,0.4,0.4,0.4,0.4,0,1
Mohawk Valley 2011 CFM,686,64.54,948.7,0.493,0.591,0.39,2.64,0.443,0.592,0.39,2.64,0.1,0.1,0.1,0.1,0.1,0.1,0.1,0.1,1,1,1,1,1,1,1,1,NA,NA,NA,NA,NA,NA,NA,NA,NA,NA,NA
Mono Lake 2011 CFM,707,19.47,350.66,0.718,0.678,0.9,2.86,0.718,0.683,0.9,2.86,0.1,0.1,0.1,0.1,0.1,0.1,0.1,0.1,1,1,1,1,1,1,1,1,Mono Lake,25.72,436.45,2.5,2.5,2.5,2.5,2.5,2.5,0,1
Monte Vista - Shannon 2011 CFM,646,60.03,974.57,0.569,1.58,0.6,0.662,0.582,1.34,0.6,0.662,0.1,0.1,0.1,0.1,0.1,0.1,0.1,0.1,1,1,1,1,1,1,1,1,Monte Vista-Shannon,45.13,223.41,0.4,0.4,0.4,0.4,0.4,0.4,0,1
Monterey Bay-Tularcitos,11,85.82,1201.48,0.408,1.73,0.39,0.278,0.403,0.655,0.39,0.278,0.1,0.1,0.1,0.1,0.1,0.1,0.1,0.1,1,1,1,1,1,1,1,1,Monterey Bay-Tularcitos,83.51,1169.1,0.5,0.5,0.5,0.5,0.5,0.5,0,1
Morales (East),188,17.8,288.85,0.01,0.347,0.01,1.68E-10,0.1,0.295,0.01,1.68E-10,0.1,0.1,0.1,0.1,0.1,0.1,0.1,0.1,1,1,1,1,1,1,1,1,NA,NA,NA,NA,NA,NA,NA,NA,NA,NA,NA
Morales (West),187,28.23,458.11,0.01,0.225,0.01,0.000488,0.01,0.187,0.01,0.000488,0.1,0.1,0.1,0.1,0.1,0.1,0.1,0.1,1,1,1,1,1,1,1,1,NA,NA,NA,NA,NA,NA,NA,NA,NA,NA,NA
Mount Diablo Thrust North CFM,711,18.81,365.84,1.69,1.6,2,2.1,NA,NA,NA,NA,0.1,0.1,0.1,0.1,NA,NA,NA,NA,1,1,1,1,NA,NA,NA,NA,Mount Diablo Thrust North CFM,NA,NA,NA,NA,NA,NA,NA,NA,NA,NA
Mount Diablo Thrust South,713,11.34,220.57,1.63,1.36,2,2.25,NA,NA,NA,NA,0.1,0.1,0.1,0.1,NA,NA,NA,NA,1,1,1,1,NA,NA,NA,NA,Mount Diablo Thrust South,NA,NA,NA,NA,NA,NA,NA,NA,NA,NA
Nelson Lake,156,51.26,599.78,0.01,0.488,0.01,0.115,0.01,0.535,0.01,0.115,0.1,0.1,0.1,0.1,0.1,0.1,0.1,0.1,1,1,1,1,1,1,1,1,NA,NA,NA,NA,NA,NA,NA,NA,NA,NA,NA
Newport-Inglewood (Offshore),122,66.47,678.04,1.39,0.599,1,1.94,1.27,0.716,1,1.94,0.1,0.1,0.1,0.1,0.1,0.1,0.1,0.1,1,1,1,1,1,1,1,1,Newport-Inglewood (Offshore),66.47,678.04,1.5,1.5,1.5,1.5,1.5,1.5,0,1
Newport-Inglewood alt 1,235,65.38,981.3,1.63,1.48,1,1.9,NA,NA,NA,NA,0.1,0.1,0.1,0.1,NA,NA,NA,NA,1,1,1,1,NA,NA,NA,NA,"Newport-Inglewood, alt 1",65.38,981.3,1,1,1,NA,NA,NA,0,1
North Frontal  (East),83,28.3,716.16,0.104,1.79,0.1,1.5,0.104,1.77,0.1,1.5,0.1,0.1,0.1,0.1,0.1,0.1,0.1,0.1,1,1,1,1,1,1,1,1,North Frontal  (East),26.81,678.49,0.5,0.5,0.5,0.5,0.5,0.5,0,1
North Frontal  (West),82,48.79,1014.99,0.126,0.649,0.1,1.28,0.149,0.654,0.1,1.28,0.1,0.1,0.1,0.1,0.1,0.1,0.1,0.1,1,1,1,1,1,1,1,1,North Frontal  (West),50.18,1043.81,1,1,1,1,1,1,0,1
North Salt Lake,199,3.32,66.46,0.01,0.366,0.01,0.0361,0.1,0.283,0.01,0.0361,0.1,0.1,0.1,0.1,0.1,0.1,0.1,0.1,1,1,1,1,1,1,1,1,NA,NA,NA,NA,NA,NA,NA,NA,NA,NA,NA
North Tahoe 2011 CFM,687,25.57,433.9,0.58,0.602,0.5,1.04,0.56,0.602,0.5,1.04,0.1,0.1,0.1,0.1,0.1,0.1,0.1,0.1,1,1,1,1,1,1,1,1,North Tahoe,19.59,332.38,0.43,0.43,0.43,0.43,0.43,0.43,0,1
Northridge,130,33.37,546.83,1.88,1.54,1.5,1.49,1.75,1.04,1.5,1.49,0.1,0.1,0.1,0.1,0.1,0.1,0.1,0.1,1,1,1,1,1,1,1,1,Northridge,33.37,546.83,1.5,1.5,1.5,1.5,1.5,1.5,0,1
Northridge Hills,211,24.95,721.66,1.49,0.902,1.3,0.275,1.35,0.993,1.3,0.275,0.1,0.1,0.1,0.1,0.1,0.1,0.1,0.1,1,1,1,1,1,1,1,1,NA,NA,NA,NA,NA,NA,NA,NA,NA,NA,NA
Oak Ridge (Onshore),116,49.79,1010.84,3.14,6.19,4,3.9,3.31,6.2,4,3.9,0.1,0.1,0.1,0.1,0.1,0.1,0.1,0.1,1,1,1,1,1,1,1,1,Oak Ridge (Onshore),49.36,1002.19,4,4,4,4,4,4,0,1
Oceanic - West Huasna,709,121.86,1005.87,0.354,1.56,0.39,0.266,0.341,1.45,0.39,0.266,0.1,0.1,0.1,0.1,0.1,0.1,0.1,0.1,1,1,1,1,1,1,1,1,NA,NA,NA,NA,NA,NA,NA,NA,NA,NA,NA
Oceanside alt1,777,65.09,1216.1,0.883,0.418,1,0.852,NA,NA,NA,NA,0.1,0.1,0.1,0.1,NA,NA,NA,NA,1,1,1,1,NA,NA,NA,NA,NA,NA,NA,NA,NA,NA,NA,NA,NA,NA,NA
Ortigalita (North),921,39.88,438.67,1.36,2.9,1.5,2.64,1.42,2.74,1.5,2.64,0.1,0.1,0.1,0.1,0.1,0.1,0.1,0.1,1,1,1,1,1,1,1,1,Ortigalita (North),NA,NA,NA,NA,NA,NA,NA,NA,NA,NA
Ortigalita (South),9,62.21,684.32,1.21,0.402,1.5,2.8,1.26,1.23,1.5,2.8,0.1,0.1,0.1,0.1,0.1,0.1,0.1,0.1,1,1,1,1,1,1,1,1,Ortigalita (South),NA,NA,NA,NA,NA,NA,NA,NA,NA,NA
Owens Valley,64,108.21,1460.82,4.21,3.28,3.5,2.46,4.35,3.26,3.5,2.46,0.1,0.1,0.1,0.1,0.1,0.1,0.1,0.1,1,1,1,1,1,1,1,1,Owens Valley,85.77,1157.83,1.5,1.5,1.5,1.5,1.5,1.5,0,1
Owens Valley Keough Hot Springs,891,17.21,292.09,2.55,0.379,3,3.01,2.66,0.396,3,3.01,0.1,0.1,0.1,0.1,0.1,0.1,0.1,0.1,1,1,1,1,1,1,1,1,NA,NA,NA,NA,NA,NA,NA,NA,NA,NA,NA
Owl Lake,47,25.22,302.6,2.27,2,2,2.14,2.24,1.98,2,2.14,0.1,0.1,0.1,0.1,0.1,0.1,0.1,0.1,1,1,1,1,1,1,1,1,Owl Lake,25.22,302.6,2,2,2,2,2,2,0,1
Ozena,841,41.49,1058.81,0.01,0.381,0.01,0.0698,0.01,0.191,0.01,0.0698,0.1,0.1,0.1,0.1,0.1,0.1,0.1,0.1,1,1,1,1,1,1,1,1,NA,NA,NA,NA,NA,NA,NA,NA,NA,NA,NA
Palos Verdes,109,107.15,1457.22,3.05,2.52,3,3.65,3.05,2.4,3,3.65,0.1,0.1,0.1,0.1,0.1,0.1,0.1,0.1,1,1,1,1,1,1,1,1,Palos Verdes,99.19,1348.97,3,3,3,3,3,3,0,1
Panamint Valley,244,109.66,1425.55,4.27,3.06,3,3.56,3.75,3.06,3,3.56,0.1,0.1,0.1,0.1,0.1,0.1,0.1,0.1,1,1,1,1,1,1,1,1,Panamint Valley,109.66,1425.55,2.5,2.5,2.5,2.5,2.5,2.5,0,1
Paradise,162,54.91,735.76,0.484,0.738,0.39,5.12,0.462,0.686,0.39,5.12,0.1,0.1,0.1,0.1,0.1,0.1,0.1,0.1,1,1,1,1,1,1,1,1,NA,NA,NA,NA,NA,NA,NA,NA,NA,NA,NA
Peralta Hills,186,13.87,248.1,0.402,0.037,0.39,0.24,0.402,0.098,0.39,0.24,0.1,0.1,0.1,0.1,0.1,0.1,0.1,0.1,1,1,1,1,1,1,1,1,NA,NA,NA,NA,NA,NA,NA,NA,NA,NA,NA
Pilarcitos 2011 CFM,647,50.91,489.68,0.1,1.6,0.01,0.18,0.1,2.79,0.01,0.18,0.1,0.1,0.1,0.1,0.1,0.1,0.1,0.1,1,1,1,1,1,1,1,1,NA,NA,NA,NA,NA,NA,NA,NA,NA,NA,NA
Pine Mtn,193,61.64,1420.84,0.01,1.46,0.01,0.774,0.1,0.759,0.01,0.774,0.1,0.1,0.1,0.1,0.1,0.1,0.1,0.1,1,1,1,1,1,1,1,1,NA,NA,NA,NA,NA,NA,NA,NA,NA,NA,NA
Pinto Mtn,93,83.24,1290.25,3.87,1.86,2.5,4.54,3.7,1.83,2.5,4.54,0.1,0.1,0.1,0.1,0.1,0.1,0.1,0.1,1,1,1,1,1,1,1,1,Pinto Mtn,74.11,1148.69,2.5,2.5,2.5,2.5,2.5,2.5,0,1
Pisgah-Bullion Mtn-Mesquite Lk,89,90.73,1188.57,1.19,1.19,1,1.14,1.17,1.19,1,1.14,0.1,0.1,0.1,0.1,0.1,0.1,0.1,0.1,1,1,1,1,1,1,1,1,Pisgah-Bullion Mtn-Mesquite Lk,88.53,1159.69,0.8,0.8,0.8,0.8,0.8,0.8,0,1
Pitas Point (Lower West),212,34.76,1128.03,2.22,0.437,3,2.91,NA,NA,NA,NA,0.1,0.1,0.1,0.1,NA,NA,NA,NA,1,1,1,1,NA,NA,NA,NA,"Pitas Point (Lower, West)",34.76,1128.03,2.5,2.5,2.5,NA,NA,NA,0,1
Pitas Point (Lower)-Montalvo,215,30.26,1350.17,1.69,0.093,3,2.88,NA,NA,NA,NA,0.1,0.1,0.1,0.1,NA,NA,NA,NA,1,1,1,1,NA,NA,NA,NA,Pitas Point (Lower)-Montalvo,30.26,1350.17,2.5,2.5,2.5,NA,NA,NA,0,1
Pittville 2011 CFM,688,37.18,382.12,0.37,0.382,0.39,0.37,0.379,0.366,0.39,0.37,0.1,0.1,0.1,0.1,0.1,0.1,0.1,0.1,1,1,1,1,1,1,1,1,NA,NA,NA,NA,NA,NA,NA,NA,NA,NA,NA
Pleito,58,43.61,824.45,1.8,2.56,2,3.43,1.48,2.65,2,3.43,0.1,0.1,0.1,0.1,0.1,0.1,0.1,0.1,1,1,1,1,1,1,1,1,Pleito,43.61,824.45,2,2,2,2,2,2,0,1
Point Reyes 2011 CFM,666,62.53,704.67,0.108,0.201,0.1,0.134,0.104,0.121,0.1,0.134,0.1,0.1,0.1,0.1,0.1,0.1,0.1,0.1,1,1,1,1,1,1,1,1,Point Reyes,47.46,557.58,0.3,0.3,0.3,0.3,0.3,0.3,0,1
Point Reyes 2011 connector,843,34.21,385.47,0.108,0.08,0.1,0.2,0.104,0.057,0.1,0.2,0.1,0.1,0.1,0.1,0.1,0.1,0.1,0.1,1,1,1,1,1,1,1,1,NA,NA,NA,NA,NA,NA,NA,NA,NA,NA,NA
Polaris 2011 CFM,545,28.46,432.23,0.424,0.335,0.4,2.71,0.424,0.334,0.4,2.71,0.1,0.1,0.1,0.1,0.1,0.1,0.1,0.1,1,1,1,1,1,1,1,1,NA,NA,NA,NA,NA,NA,NA,NA,NA,NA,NA
Puente Hills,240,44.18,836.32,1.28,1.19,0.9,0.564,NA,NA,NA,NA,0.1,0.1,0.1,0.1,NA,NA,NA,NA,1,1,1,1,NA,NA,NA,NA,Puente Hills,44.18,836.32,0.7,0.7,0.7,NA,NA,NA,0,1
Quien Sabe 2011 CFM,648,25.25,256.04,0.424,2.32,0.39,0.52,0.424,2.86,0.39,0.52,0.9,0.9,0.9,0.9,0.9,0.9,0.9,0.9,1,1,1,1,1,1,1,1,Quien Sabe,22.86,228.63,1,1,1,1,1,1,0,1
Raymond,152,22.5,357.51,1.39,1.11,2,3.29,1.48,1.41,2,3.29,0.1,0.1,0.1,0.1,0.1,0.1,0.1,0.1,1,1,1,1,1,1,1,1,Raymond,22.5,357.51,1.5,1.5,1.5,1.5,1.5,1.5,0,1
Red Mountain,118,100.6,1710.9,2.61,5.51,2,1.56,2.58,6.53,2,1.56,0.1,0.1,0.1,0.1,0.1,0.1,0.1,0.1,1,1,1,1,1,1,1,1,Red Mountain,100.6,1710.9,2,2,2,2,2,2,0,1
Red Pass,161,25.53,298.69,0.02,0.547,0.01,0.0205,0.02,0.591,0.01,0.0205,0.1,0.1,0.1,0.1,0.1,0.1,0.1,0.1,1,1,1,1,1,1,1,1,NA,NA,NA,NA,NA,NA,NA,NA,NA,NA,NA
Redondo Canyon alt 1,232,12.68,168.62,0.411,0.859,0.39,3.67E-17,NA,NA,NA,NA,0.1,0.1,0.1,0.1,NA,NA,NA,NA,1,1,1,1,NA,NA,NA,NA,NA,NA,NA,NA,NA,NA,NA,NA,NA,NA,NA
Reliz 2011 CFM,649,127.4,1637.46,0.424,0.152,0.39,0.393,0.4,0.02,0.39,0.393,0.1,0.1,0.1,0.1,0.1,0.1,0.1,0.1,1,1,1,1,1,1,1,1,NA,NA,NA,NA,NA,NA,NA,NA,NA,NA,NA
Richfield,205,6.24,138.25,0.01,0.162,0.01,3.59E-10,0.01,1.27,0.01,3.59E-10,0.1,0.1,0.1,0.1,0.1,0.1,0.1,0.1,1,1,1,1,1,1,1,1,NA,NA,NA,NA,NA,NA,NA,NA,NA,NA,NA
Rinconada 2011 CFM,650,122.76,1053.7,0.338,0.484,0.39,0.226,0.348,0.494,0.39,0.226,0.1,0.1,0.1,0.1,0.1,0.1,0.1,0.1,1,1,1,1,1,1,1,1,Rinconada,190.92,1909.19,1,1,1,1,1,1,0,1
Robinson Creek,38,16.69,283.23,0.614,0.699,0.5,0.528,0.614,0.704,0.5,0.528,0.1,0.1,0.1,0.1,0.1,0.1,0.1,0.1,1,1,1,1,1,1,1,1,Robinson Creek,16.69,283.23,0.5,0.5,0.5,0.5,0.5,0.5,0,1
Rocky Ledge 2011 CFM,689,15.69,163.05,0.104,0.952,0.1,0.106,0.104,0.936,0.1,0.106,0.1,0.1,0.1,0.1,0.1,0.1,0.1,0.1,1,1,1,1,1,1,1,1,NA,NA,NA,NA,NA,NA,NA,NA,NA,NA,NA
Rodgers Creek - Healdsburg 2011 CFM,651,82.35,1014.16,6.73,4.94,7.1,6.92,6.74,4.95,7.1,6.92,0.11,0.37,0.11,0.11,0.11,0.37,0.11,0.11,1,0.87,1,1,1,0.87,1,1,Rodgers Creek,62.41,748.92,9,9,9,9,9,9,0.02,1
Rose Canyon,123,75.17,578.83,1.73,1.18,2,1.4,1.76,1.02,2,1.4,0.1,0.1,0.1,0.1,0.1,0.1,0.1,0.1,1,1,1,1,1,1,1,1,Rose Canyon,69.93,538.47,1.5,1.5,1.5,1.5,1.5,1.5,0,1
Round Valley,42,43.33,735.27,0.699,0.722,0.6,2.74,0.699,0.725,0.6,2.74,0.1,0.1,0.1,0.1,0.1,0.1,0.1,0.1,1,1,1,1,1,1,1,1,Round Valley,43.33,735.27,1,1,1,1,1,1,0,1
Russ 2011 CFM,690,85.18,1801.84,0.099,4.28,0.27,0.161,0.099,4.43,0.27,0.161,0.1,0.1,0.1,0.1,0.1,0.1,0.1,0.1,1,1,1,1,1,1,1,1,NA,NA,NA,NA,NA,NA,NA,NA,NA,NA,NA
San Andreas (Big Bend),287,49.77,751.58,22.7,19.2,34,19.5,22.3,19.2,34,19.5,0.01,0.01,0.01,0.01,0.01,0.01,0.01,0.01,1,1,1,1,1,1,1,1,San Andreas (Big Bend),49.77,751.58,34,34,34,34,34,34,0,1
San Andreas (Carrizo) rev,300,59.07,891.91,25.5,32.1,34,28.1,25.2,31.9,34,28.1,0,0,0,0,0,0,0,0,1,1,1,1,1,1,1,1,San Andreas (Carrizo) rev,59.07,891.91,34,34,34,34,34,34,0,1
San Andreas (Cholame) rev,285,62.56,750.74,27.2,25.4,34,28.4,26.9,24.9,34,28.4,0.01,0.01,0.01,0.01,0.01,0.01,0.01,0.01,1,1,1,1,1,1,1,1,San Andreas (Cholame) rev,62.56,750.74,34,34,34,34,34,34,0,1
San Andreas (Coachella) rev,295,69.46,771.02,19.8,16.5,20,19.5,19.8,17.2,20,19.5,0.03,0.05,0.03,0.03,0.03,0.05,0.03,0.03,1,1,1,1,1,1,1,1,San Andreas (Coachella) rev,69.46,771.02,20,16,24,20,16,24,0.1,1
San Andreas (Creeping Section) 2011 CFM,658,121.33,1455.92,27.3,26.2,34,23.8,27.3,26.4,34,23.8,0.78,0.78,0.78,0.78,0.78,0.78,0.78,0.78,0.72,0.72,0.72,0.72,0.72,0.72,0.72,0.72,San Andreas (Creeping Segment),NA,NA,NA,NA,NA,NA,NA,NA,NA,NA
San Andreas (Mojave N),286,36.88,556.88,22.2,25.8,32.5,18.3,21.8,25.8,32.5,18.3,0,0,0,0,0,0,0,0,1,1,1,1,1,1,1,1,San Andreas (Mojave N),36.88,556.88,27,27,27,27,27,27,0,1
San Andreas (Mojave S),301,97.71,1279.96,20.1,27.3,32.5,18.5,19.7,27.2,32.5,18.5,0,0,0,0,0,0,0,0,1,1,1,1,1,1,1,1,San Andreas (Mojave S),97.71,1279.96,29,29,29,29,29,29,0,1
San Andreas (North Branch Mill Creek),294,106.01,1988.47,1.71,1.92,2,2,1.74,1.94,2,2,0.15,0.13,0.11,0.11,0.14,0.13,0.11,0.11,1,1,1,1,1,1,1,1,NA,NA,NA,NA,NA,NA,NA,NA,NA,NA,NA
San Andreas (North Coast) 2011 CFM,654,170.69,1877.62,22.5,17.3,24,15.9,22.5,16.9,24,15.9,0,0,0,0,0,0,0,0,1,1,1,1,1,1,1,1,San Andreas (North Coast),189.5,2084.52,24,24,24,24,24,24,0.02,1
San Andreas (Offshore) 2011 CFM,653,130.8,1438.78,22.4,7.49,24,15.4,22.6,7.57,24,15.4,0.1,0.1,0.1,0.1,0.1,0.1,0.1,0.1,1,1,1,1,1,1,1,1,San Andreas (Offshore),136.25,1498.71,24,24,24,24,24,24,0.02,1
San Andreas (Parkfield),32,36.46,371.88,27.7,27.9,35,28.4,27.4,27.9,35,28.4,0.7,0.7,0.7,0.7,0.7,0.7,0.7,0.7,1,1,1,1,1,1,1,1,San Andreas (Parkfield),36.46,371.88,34,34,34,34,34,34,0.79,1
San Andreas (Peninsula) 2011 CFM,655,99.68,1295.78,18.7,11.4,17,13.7,18.9,12.2,17,13.7,0,0,0,0,0,0,0,0,1,1,1,1,1,1,1,1,San Andreas (Peninsula),84.58,1099.58,17,17,17,17,17,17,0.02,1
San Andreas (San Bernardino N),282,35.33,452.29,8.37,21.9,17.4,9.56,8.28,21.8,17.4,9.56,0,0,0,0,0,0,0,0,1,1,1,1,1,1,1,1,San Andreas (San Bernardino N),35.33,452.29,22,18,25,22,18,25,0,1
San Andreas (San Bernardino S),283,43.43,555.91,10.3,9.55,13,12.4,10.9,9.48,13,12.4,0.1,0.1,0.1,0.1,0.1,0.1,0.1,0.1,1,1,1,1,1,1,1,1,San Andreas (San Bernardino S),43.43,555.91,16,10,16,16,10,16,0,1
San Andreas (San Gorgonio Pass-Garnet HIll),284,55.89,843.64,9.35,8.27,10,18.5,9.19,8.08,10,18.5,0.1,0.1,0.1,0.1,0.1,0.1,0.1,0.1,1,1,1,1,1,1,1,1,San Andreas (San Gorgonio Pass-Garnet HIll),55.89,843.64,10,5,11,10,5,11,0,1
San Andreas (Santa Cruz Mts) 2011 CFM,657,62.52,955.39,20.3,14.7,17,13.8,20.5,18.8,17,13.8,0.05,0.07,0.06,0.08,0.05,0.05,0.06,0.08,1,1,1,1,1,1,1,1,San Andreas (Santa Cruz Mtn),62.16,932.34,17,17,17,17,17,17,0.1,1
San Cayetano,80,42.06,1005.8,4.61,7.08,6,5.95,5.97,7.01,6,5.95,0.1,0.1,0.1,0.1,0.1,0.1,0.1,0.1,1,1,1,1,1,1,1,1,San Cayetano,42.06,1005.8,6,6,6,6,6,6,0,1
San Clemente,178,199.05,1792.55,3.74,0.36,1.8,3.14,3.27,0.424,1.8,3.14,0.1,0.1,0.1,0.1,0.1,0.1,0.1,0.1,1,1,1,1,1,1,1,1,NA,NA,NA,NA,NA,NA,NA,NA,NA,NA,NA
San Diego Trough north alt1,774,140.54,1166.47,2.43,1.38,1.5,1.98,NA,NA,NA,NA,0.1,0.1,0.1,0.1,NA,NA,NA,NA,1,1,1,1,NA,NA,NA,NA,NA,NA,NA,NA,NA,NA,NA,NA,NA,NA,NA
San Diego Trough south,177,156.12,1295.81,2.85,2.8,1.5,2.1,2.62,2.89,1.5,2.1,0.1,0.1,0.1,0.1,0.1,0.1,0.1,0.1,1,1,1,1,1,1,1,1,NA,NA,NA,NA,NA,NA,NA,NA,NA,NA,NA
San Gabriel,247,71.37,1199.57,0.455,0.984,0.39,1.84,0.411,0.632,0.39,1.84,0.1,0.1,0.1,0.1,0.1,0.1,0.1,0.1,1,1,1,1,1,1,1,1,San Gabriel,71.37,1199.57,1,1,1,1,1,1,0,1
San Gabriel (Extension),248,62.51,1050.62,0.104,2.07,0.01,0.0224,0.1,2.03,0.01,0.0224,0.1,0.1,0.1,0.1,0.1,0.1,0.1,0.1,1,1,1,1,1,1,1,1,NA,NA,NA,NA,NA,NA,NA,NA,NA,NA,NA
San Gorgonio Pass,194,28.82,615.68,2.23,0.711,1.8,1.8,2.1,0.648,1.8,1.8,0.1,0.1,0.1,0.1,0.1,0.1,0.1,0.1,1,1,1,1,1,1,1,1,NA,NA,NA,NA,NA,NA,NA,NA,NA,NA,NA
San Gregorio (North) 2011 CFM,660,129.27,1499.56,4.97,4.32,7,2.05,4.36,4.4,7,2.05,0.01,0.01,0.01,0.03,0.01,0.01,0.01,0.03,1,1,1,1,1,1,1,1,San Gregorio (No),109.7,1316.37,7,7,7,7,7,7,0.1,1
San Gregorio (South) 2011 CFM,661,89.94,1080.11,2.28,1.16,3,1.45,2.79,1.35,3,1.45,0.1,0.1,0.1,0.1,0.1,0.1,0.1,0.1,1,1,1,1,1,1,1,1,San Gregorio (So),66.31,795.75,3,3,3,3,3,3,0.1,1
San Jacinto (Anza) rev,293,46.18,775.91,12.9,12,14,9.17,12.4,12,14,9.17,0.03,0.03,0.03,0.03,0.03,0.03,0.03,0.03,1,1,1,1,1,1,1,1,San Jacinto (Anza) rev,46.18,775.91,18,22,14,18,22,14,0,1
San Jacinto (Borrego),99,34.26,448.81,8.56,5.57,5,9.28,8.49,6.18,5,9.28,0.23,0.55,0.58,0.18,0.23,0.41,0.58,0.18,1,0.83,0.83,1,1,1,0.83,1,San Jacinto (Borrego),34.26,448.81,4,4,4,4,4,4,0.1,1
San Jacinto (Clark) rev,292,46.83,786.74,6.22,4.91,6.48,4.74,6.08,4.21,6.48,4.74,0.1,0.1,0.1,0.1,0.1,0.1,0.1,0.1,1,1,1,1,1,1,1,1,San Jacinto (Clark) rev,46.83,786.74,14,18,10,14,18,10,0,1
San Jacinto (Coyote Creek),101,42.9,682.05,6.52,8.7,6.78,9.44,6.37,9.86,6.78,9.44,0.01,0.01,0.01,0.01,0.01,0.01,0.01,0.01,1,1,1,1,1,1,1,1,San Jacinto (Coyote Creek),42.9,682.05,4,4,4,4,4,4,0,1
San Jacinto (Lytle Creek connector),901,23.06,371.29,2.19,0.46,2.5,2.5,2.31,0.367,2.5,2.5,0.1,0.1,0.1,0.1,0.1,0.1,0.1,0.1,1,1,1,1,1,1,1,1,NA,NA,NA,NA,NA,NA,NA,NA,NA,NA,NA
San Jacinto (San Bernardino),119,36.99,595.51,13.1,3.5,9.97,10.3,12.9,3.5,9.97,10.3,0.04,0.19,0.04,0.04,0.04,0.19,0.04,0.04,1,1,1,1,1,1,1,1,San Jacinto (San Bernardino),45.11,726.29,6,10,3,6,10,3,0,1
San Jacinto (San Jacinto Valley) rev,289,18.48,297.46,14.9,6,14,9.37,14.6,5.98,14,9.37,0.03,0.03,0.03,0.03,0.03,0.03,0.03,0.03,1,1,1,1,1,1,1,1,San Jacinto (San Jacinto Valley) rev,18.48,297.46,18,22,14,18,22,14,0,1
San Jacinto (Stepovers Combined),401,24.73,406.82,14.9,9.56,14,9.07,14.6,9.54,14,9.07,0.03,0.03,0.03,0.03,0.03,0.03,0.03,0.03,1,1,1,1,1,1,1,1,San Jacinto (Stepovers Combined),24.73,406.82,18,22,14,18,22,14,0,1
San Jacinto (Superstition Mtn),28,26.3,326.07,9.47,7.39,7,9.38,9.16,7.33,7,9.38,0.07,0.1,0.12,0.07,0.1,0.1,0.12,0.07,1,1,1,1,1,1,1,1,San Jacinto (Superstition Mtn),26.3,326.07,5,5,5,5,5,5,0,1
San Joaquin Hills,143,27.45,730.66,0.655,0.586,0.6,0.597,0.645,0.593,0.6,0.597,0.1,0.1,0.1,0.1,0.1,0.1,0.1,0.1,1,1,1,1,1,1,1,1,San Joaquin Hills,27.45,730.66,0.5,0.5,0.5,0.5,0.5,0.5,0,1
San Jose,107,19.65,323.02,0.394,0.348,0.39,0.661,0.398,0.287,0.39,0.661,0.1,0.1,0.1,0.1,0.1,0.1,0.1,0.1,1,1,1,1,1,1,1,1,San Jose,19.65,323.02,0.5,0.5,0.5,0.5,0.5,0.5,0,1
San Juan,31,82.11,1067.47,0.104,1.47,0.01,0.0116,0.1,1.64,0.01,0.0116,0.1,0.1,0.1,0.1,0.1,0.1,0.1,0.1,1,1,1,1,1,1,1,1,San Juan,67.77,880.95,1,1,1,1,1,1,0,1
San Luis Range - Oceano 2011 CFM,692,21.03,356.89,0.104,0.133,0.1,0.0276,NA,NA,NA,NA,0.1,0.1,0.1,0.1,NA,NA,NA,NA,1,1,1,1,NA,NA,NA,NA,NA,NA,NA,NA,NA,NA,NA,NA,NA,NA,NA
San Luis Range - Pecho 2011 CFM,693,25.6,307.16,0.0224,0.126,0.02,1.26E-11,0.0224,0.189,0.02,1.26E-11,0.1,0.1,0.1,0.1,0.1,0.1,0.1,0.1,1,1,1,1,1,1,1,1,NA,NA,NA,NA,NA,NA,NA,NA,NA,NA,NA
San Luis Range 2011 CFM,691,78.94,1202.05,0.253,0.135,0.2,2.76E-09,NA,NA,NA,NA,0.1,0.1,0.1,0.1,NA,NA,NA,NA,1,1,1,1,NA,NA,NA,NA,San Luis Range (So Margin),63.8,902.29,0.2,0.2,0.2,0.2,0.2,0.2,0,1
San Pedro Basin,181,68.59,789.3,1.47,1.49,1.5,1.05,1.38,0.588,1.5,1.05,0.1,0.1,0.1,0.1,0.1,0.1,0.1,0.1,1,1,1,1,1,1,1,1,NA,NA,NA,NA,NA,NA,NA,NA,NA,NA,NA
San Pedro Escarpment,183,26.54,1361.68,0.0316,0.777,0.01,0.0444,0.0224,0.469,0.01,0.0444,0.1,0.1,0.1,0.1,0.1,0.1,0.1,0.1,1,1,1,1,1,1,1,1,NA,NA,NA,NA,NA,NA,NA,NA,NA,NA,NA
San Vicente,198,8.85,149.16,0.01,0.127,0.01,6.12E-18,0.01,1.09,0.01,6.12E-18,0.1,0.1,0.1,0.1,0.1,0.1,0.1,0.1,1,1,1,1,1,1,1,1,NA,NA,NA,NA,NA,NA,NA,NA,NA,NA,NA
Santa Cruz Catalina Ridge alt1,775,113.8,1251.83,1.44,0.798,1,2.47,NA,NA,NA,NA,0.1,0.1,0.1,0.1,NA,NA,NA,NA,1,1,1,1,NA,NA,NA,NA,NA,NA,NA,NA,NA,NA,NA,NA,NA,NA,NA
Santa Cruz Island,111,69.15,919.75,0.786,0.906,0.9,2.34,0.747,0.9,0.9,2.34,0.1,0.1,0.1,0.1,0.1,0.1,0.1,0.1,1,1,1,1,1,1,1,1,Santa Cruz Island,69.15,919.75,1,1,1,1,1,1,0,1
Santa Monica Bay,185,16.92,776.85,0.02,0.319,0.01,0.00383,0.02,0.196,0.01,0.00383,0.1,0.1,0.1,0.1,0.1,0.1,0.1,0.1,1,1,1,1,1,1,1,1,NA,NA,NA,NA,NA,NA,NA,NA,NA,NA,NA
Santa Monica alt 1,226,14.44,267.6,1.03,1.51,1,2.44,NA,NA,NA,NA,0.1,0.1,0.1,0.1,NA,NA,NA,NA,1,1,1,1,NA,NA,NA,NA,"Santa Monica, alt 1",14.44,267.6,1,1,1,NA,NA,NA,0,1
Santa Rosa Island,110,57.57,500.9,0.867,0.238,1.5,1.8,0.728,0.214,1.5,1.8,0.1,0.1,0.1,0.1,0.1,0.1,0.1,0.1,1,1,1,1,1,1,1,1,Santa Rosa Island,57.57,500.9,1,1,1,1,1,1,0,1
Santa Susana East (connector),778,8.36,166.26,4.13,0.57,6,5.95,4.78,0.62,6,5.95,0.1,0.1,0.1,0.1,0.1,0.1,0.1,0.1,1,1,1,1,1,1,1,1,NA,NA,NA,NA,NA,NA,NA,NA,NA,NA,NA
Santa Susana alt 1,227,27.19,541.08,4.29,4.15,6,6.02,NA,NA,NA,NA,0.1,0.1,0.1,0.1,NA,NA,NA,NA,1,1,1,1,NA,NA,NA,NA,"Santa Susana, alt 1",27.19,541.08,5,5,5,NA,NA,NA,0,1
Santa Ynez (East),79,68.41,968.21,1.61,1.24,2,2.36,1.73,1.93,2,2.36,0.1,0.1,0.1,0.1,0.1,0.1,0.1,0.1,1,1,1,1,1,1,1,1,Santa Ynez (East),68.41,968.21,2,2,2,2,2,2,0,1
Santa Ynez (West),77,79.64,779.66,2.26,1,2,2.4,2.24,1.1,2,2.4,0.1,0.1,0.1,0.1,0.1,0.1,0.1,0.1,1,1,1,1,1,1,1,1,Santa Ynez (West),63.47,621.43,2,2,2,2,2,2,0,1
Santa Ynez River,781,72.82,929.86,0.344,0.773,0.39,0.461,0.35,0.884,0.39,0.461,0.1,0.1,0.1,0.1,0.1,0.1,0.1,0.1,1,1,1,1,1,1,1,1,NA,NA,NA,NA,NA,NA,NA,NA,NA,NA,NA
Sargent 2011 CFM,662,56.91,682.97,2.65,0.744,3,3.14,2.78,0.262,3,3.14,0.56,0.79,0.53,0.43,0.56,0.9,0.53,0.43,0.75,0.6,1,1,0.8,0.5,1,1,NA,NA,NA,NA,NA,NA,NA,NA,NA,NA,NA
Scodie Lineament,209,14.08,89.59,0.01,0.041,0.01,1.57,0.1,0.037,0.01,1.57,0.1,0.1,0.1,0.1,0.1,0.1,0.1,0.1,1,1,1,1,1,1,1,1,NA,NA,NA,NA,NA,NA,NA,NA,NA,NA,NA
Sheephole,885,15.14,196.78,0.01,0.088,0.01,2.21,0.01,0.117,0.01,2.21,0.1,0.1,0.1,0.1,0.1,0.1,0.1,0.1,1,1,1,1,1,1,1,1,NA,NA,NA,NA,NA,NA,NA,NA,NA,NA,NA
Shoreline,547,22.56,270.77,0.0854,0.301,0.1,0.0843,0.0854,0.445,0.1,0.0843,0.1,0.1,0.1,0.1,0.1,0.1,0.1,0.1,1,1,1,1,1,1,1,1,NA,NA,NA,NA,NA,NA,NA,NA,NA,NA,NA
Sierra Madre,114,56.96,1012.74,2.24,0.733,2,2.39,2.17,0.715,2,2.39,0.1,0.1,0.1,0.1,0.1,0.1,0.1,0.1,1,1,1,1,1,1,1,1,Sierra Madre,56.96,1012.74,2,2,2,2,2,2,0,1
Sierra Madre (San Fernando),113,19.35,355.82,1.79,1.59,2,1.93,1.76,1.4,2,1.93,0.1,0.1,0.1,0.1,0.1,0.1,0.1,0.1,1,1,1,1,1,1,1,1,Sierra Madre (San Fernando),18.1,332.81,2,2,2,2,2,2,0,1
Sierra Nevada  (No Extension),210,33.84,609.58,0.329,0.554,0.3,0.903,0.326,0.558,0.3,0.903,0.1,0.1,0.1,0.1,0.1,0.1,0.1,0.1,1,1,1,1,1,1,1,1,NA,NA,NA,NA,NA,NA,NA,NA,NA,NA,NA
Silver Creek 2011 CFM,664,48.34,555.48,0.104,0.2,0.1,0.194,0.104,0.057,0.1,0.194,0.1,0.1,0.1,0.1,0.1,0.1,0.1,0.1,1,1,1,1,1,1,1,1,NA,NA,NA,NA,NA,NA,NA,NA,NA,NA,NA
Simi-Santa Rosa,115,39.18,502.15,0.664,3.23,0.7,0.588,0.631,2.69,0.7,0.588,0.1,0.1,0.1,0.1,0.1,0.1,0.1,0.1,1,1,1,1,1,1,1,1,Simi-Santa Rosa,39.18,502.15,1,1,1,1,1,1,0,1
Sisar,202,19.91,714.57,0.465,2.42,0.39,0.319,0.42,2.01,0.39,0.319,0.1,0.1,0.1,0.1,0.1,0.1,0.1,0.1,1,1,1,1,1,1,1,1,NA,NA,NA,NA,NA,NA,NA,NA,NA,NA,NA
Skinner Flat 2011 CFM,694,12.2,121.97,0.099,0.353,0.01,0.0328,0.099,0.35,0.01,0.0328,0.1,0.1,0.1,0.1,0.1,0.1,0.1,0.1,1,1,1,1,1,1,1,1,NA,NA,NA,NA,NA,NA,NA,NA,NA,NA,NA
So Sierra Nevada,63,112.53,1997.77,0.478,0.44,0.3,2.61,0.452,0.44,0.3,2.61,0.1,0.1,0.1,0.1,0.1,0.1,0.1,0.1,1,1,1,1,1,1,1,1,So Sierra Nevada,112.53,1997.77,0.1,0.1,0.1,0.1,0.1,0.1,0,1
South Cuyama,189,82.7,2110.65,0.1,0.138,0.01,0.0563,0.1,0.203,0.01,0.0563,0.1,0.1,0.1,0.1,0.1,0.1,0.1,0.1,1,1,1,1,1,1,1,1,NA,NA,NA,NA,NA,NA,NA,NA,NA,NA,NA
South Klamath Lake East,719,54.53,692.62,0.379,0.396,0.39,0.415,0.389,0.389,0.39,0.415,0.1,0.1,0.1,0.1,0.1,0.1,0.1,0.1,1,1,1,1,1,1,1,1,NA,NA,NA,NA,NA,NA,NA,NA,NA,NA,NA
South Klamath Lake West,720,53.13,674.78,0.433,0.242,0.39,0.398,0.424,0.237,0.39,0.398,0.1,0.1,0.1,0.1,0.1,0.1,0.1,0.1,1,1,1,1,1,1,1,1,NA,NA,NA,NA,NA,NA,NA,NA,NA,NA,NA
Superstition Hills,98,36.21,456.21,4.49,0.27,4,4.21,4.32,0.664,4,4.21,0.07,0.45,0.1,0.1,0.1,0.45,0.1,0.1,1,0.83,1,1,1,0.83,1,1,Superstition Hills,36.21,456.21,4,4,4,4,4,4,0.1,1
Surprise Valley 2011 CFM,708,86.89,964.13,0.835,0.785,0.7,0.7,0.825,0.785,0.7,0.7,0.1,0.1,0.1,0.1,0.1,0.1,0.1,0.1,1,1,1,1,1,1,1,1,Surprise Valley,87.36,1094.84,1.3,1.3,1.3,1.3,1.3,1.3,0,1
Swain Ravine - Spenceville,695,103.23,1430.45,0.01,0.33,0.01,6.12E-18,0.1,0.334,0.01,6.12E-18,0.1,0.1,0.1,0.1,0.1,0.1,0.1,0.1,1,1,1,1,1,1,1,1,NA,NA,NA,NA,NA,NA,NA,NA,NA,NA,NA
Table Bluff,15,48.88,898.62,0.749,1.3,0.6,0.851,0.749,1.38,0.6,0.851,0.1,0.1,0.1,0.1,0.1,0.1,0.1,0.1,1,1,1,1,1,1,1,1,Table Bluff,48.88,898.62,0.6,0.6,0.6,0.6,0.6,0.6,0,1
Tank Canyon,145,35.12,380.54,1.21,1.08,1,0.991,1.18,1.09,1,0.991,0.1,0.1,0.1,0.1,0.1,0.1,0.1,0.1,1,1,1,1,1,1,1,1,Tank Canyon,15.98,173.16,1,1,1,1,1,1,0,1
Thirty Mile Bank,174,82.22,1880.06,0.392,0.03,0.39,0.285,0.406,0.128,0.39,0.285,0.1,0.1,0.1,0.1,0.1,0.1,0.1,0.1,1,1,1,1,1,1,1,1,NA,NA,NA,NA,NA,NA,NA,NA,NA,NA,NA
Tin Mountain,887,36.72,623.21,0.01,0.579,0.01,0.0566,0.01,0.576,0.01,0.0566,0.1,0.1,0.1,0.1,0.1,0.1,0.1,0.1,1,1,1,1,1,1,1,1,NA,NA,NA,NA,NA,NA,NA,NA,NA,NA,NA
Towne Pass,886,46.92,796.16,0.02,0.293,0.01,0.0294,0.01,0.298,0.01,0.0294,0.1,0.1,0.1,0.1,0.1,0.1,0.1,0.1,1,1,1,1,1,1,1,1,NA,NA,NA,NA,NA,NA,NA,NA,NA,NA,NA
Trinidad (alt1),19,88.46,2004.83,1.81,1.75,1.5,1.41,NA,NA,NA,NA,0.1,0.1,0.1,0.1,NA,NA,NA,NA,1,1,1,1,NA,NA,NA,NA,Trinidad,88.46,2004.83,0.7,0.7,0.7,0.7,0.7,0.7,0,1
Ventura-Pitas Point,117,59.45,925.98,2.84,1.72,1.6,1.48,2.53,0.624,1.6,1.48,0.1,0.1,0.1,0.1,0.1,0.1,0.1,0.1,1,1,1,1,1,1,1,1,Ventura-Pitas Point,43.81,682.34,1,1,1,1,1,1,0,1
Verdugo,112,31.63,559.94,0.484,1.18,0.39,0.246,0.443,0.992,0.39,0.246,0.1,0.1,0.1,0.1,0.1,0.1,0.1,0.1,1,1,1,1,1,1,1,1,Verdugo,29.03,513.88,0.5,0.5,0.5,0.5,0.5,0.5,0,1
Walker Spring 2011 CFM,696,30.55,305.46,0.02,0.565,0.01,0.749,0.01,0.567,0.01,0.749,0.1,0.1,0.1,0.1,0.1,0.1,0.1,0.1,1,1,1,1,1,1,1,1,NA,NA,NA,NA,NA,NA,NA,NA,NA,NA,NA
West Napa 2011 CFM,665,43.65,596.48,1.5,1.05,1,4.01,1.41,1.12,1,4.01,0.01,0.01,0.01,0.01,0.01,0.01,0.01,0.01,1,1,1,1,1,1,1,1,West Napa,29.59,295.9,1,1,1,1,1,1,0,1
West Tahoe,321,58.91,999.74,0.749,0.727,0.6,2.53,0.74,0.729,0.6,2.53,0.1,0.1,0.1,0.1,0.1,0.1,0.1,0.1,1,1,1,1,1,1,1,1,West Tahoe,51.33,871.01,0.6,0.6,0.6,0.6,0.6,0.6,0,1
White Mountains,44,110.72,1439.42,0.392,0.883,0.7,0.647,0.402,0.857,0.7,0.647,0.1,0.1,0.1,0.1,0.1,0.1,0.1,0.1,1,1,1,1,1,1,1,1,White Mountains,110.72,1439.42,1,1,1,1,1,1,0,1
White Wolf,253,63.4,958.36,0.231,1.55,0.39,1.16,0.272,1.5,0.39,1.16,0.1,0.1,0.1,0.1,0.1,0.1,0.1,0.1,1,1,1,1,1,1,1,1,White Wolf,63.4,958.36,2,2,2,2,2,2,0,1
White Wolf (Extension),254,45.94,694.34,0.103,0.801,0.01,1.52,0.103,0.73,0.01,1.52,0.1,0.1,0.1,0.1,0.1,0.1,0.1,0.1,1,1,1,1,1,1,1,1,NA,NA,NA,NA,NA,NA,NA,NA,NA,NA,NA
Whittier alt 1,236,46.26,610.49,3.51,4.58,2.5,2.66,NA,NA,NA,NA,0.1,0.1,0.1,0.1,NA,NA,NA,NA,1,1,1,1,NA,NA,NA,NA,"Whittier, alt 2",46.26,675.34,2.5,2.5,2.5,2.5,2.5,2.5,0,1
Wight Way 2011 CFM,697,17.75,302.3,0.1,0.015,0.01,4.46E-09,0.1,0.016,0.01,4.46E-09,0.1,0.1,0.1,0.1,0.1,0.1,0.1,0.1,1,1,1,1,1,1,1,1,NA,NA,NA,NA,NA,NA,NA,NA,NA,NA,NA
Yorba Linda,206,17.59,233.89,0.01,0.361,0.01,6.12E-18,0.01,0.427,0.01,6.12E-18,0.1,0.1,0.1,0.1,0.1,0.1,0.1,0.1,1,1,1,1,1,1,1,1,NA,NA,NA,NA,NA,NA,NA,NA,NA,NA,NA
Zayante-Vergeles 2011 CFM,715,90.49,2135.64,0.103,0.2,0.1,0.114,NA,NA,NA,NA,0.1,0.1,0.1,0.1,NA,NA,NA,NA,1,1,1,1,NA,NA,NA,NA,Zayante-Vergeles,57.91,694.94,0.1,0.1,0.1,0.1,0.1,0.1,0,1
Anacapa-Dume alt 2,222,64.77,1006.98,NA,NA,NA,NA,0.474,0.801,0.39,2.97,NA,NA,NA,NA,0.1,0.1,0.1,0.1,NA,NA,NA,NA,1,1,1,1,"Anacapa-Dume, alt 2",64.77,1006.98,NA,NA,NA,3,3,3,0,1
Brawley (Seismic Zone) alt 2,171,61.02,805.41,NA,NA,NA,NA,24,19.2,23,25.2,NA,NA,NA,NA,0.9,0.9,0.9,0.9,NA,NA,NA,NA,1,1,1,1,NA,NA,NA,NA,NA,NA,NA,NA,NA,NA,NA
Chino alt 2,239,28.7,424.35,NA,NA,NA,NA,1.04,0.244,1,3.19,NA,NA,NA,NA,0.1,0.1,0.1,0.1,NA,NA,NA,NA,1,1,1,1,"Chino, alt 2",28.7,424.35,NA,NA,NA,1,1,1,0,1
Contra Costa (Briones) 2011 CFM,624,9.06,116.89,NA,NA,NA,NA,0.0316,1.41,0.01,0.057,NA,NA,NA,NA,0.1,0.1,0.1,0.1,NA,NA,NA,NA,1,1,1,1,NA,NA,NA,NA,NA,NA,NA,NA,NA,NA,NA
Contra Costa (Dillon Point) 2011 CFM,625,11.06,138.27,NA,NA,NA,NA,0.0316,2.11,0.01,0.193,NA,NA,NA,NA,0.1,0.1,0.1,0.1,NA,NA,NA,NA,1,1,1,1,NA,NA,NA,NA,NA,NA,NA,NA,NA,NA,NA
Contra Costa (Lake Chabot) 2011 CFM,627,4.04,44.85,NA,NA,NA,NA,0.0224,1.63,0.01,5.72,NA,NA,NA,NA,0.1,0.1,0.1,0.1,NA,NA,NA,NA,1,1,1,1,NA,NA,NA,NA,NA,NA,NA,NA,NA,NA,NA
Contra Costa (Larkey) 2011 CFM,628,7.77,116.48,NA,NA,NA,NA,0.0224,1.34,0.01,5.73,NA,NA,NA,NA,0.1,0.1,0.1,0.1,NA,NA,NA,NA,1,1,1,1,NA,NA,NA,NA,NA,NA,NA,NA,NA,NA,NA
Contra Costa (Ozal - Columbus) 2011 CFM,629,9.01,118.87,NA,NA,NA,NA,0.0316,1.22,0.01,0.193,NA,NA,NA,NA,0.1,0.1,0.1,0.1,NA,NA,NA,NA,1,1,1,1,NA,NA,NA,NA,NA,NA,NA,NA,NA,NA,NA
Contra Costa (Reliez Valley) 2011 CFM,630,5.63,82.76,NA,NA,NA,NA,0.0224,0.666,0.01,0.101,NA,NA,NA,NA,0.1,0.1,0.1,0.1,NA,NA,NA,NA,1,1,1,1,NA,NA,NA,NA,NA,NA,NA,NA,NA,NA,NA
Contra Costa (Southampton) 2011 CFM,631,11.45,162.79,NA,NA,NA,NA,0.0224,0.147,0.01,0.057,NA,NA,NA,NA,0.1,0.1,0.1,0.1,NA,NA,NA,NA,1,1,1,1,NA,NA,NA,NA,NA,NA,NA,NA,NA,NA,NA
Contra Costa (Vallejo) 2011 CFM,632,3.8,42.87,NA,NA,NA,NA,0.01,3,0.01,1,NA,NA,NA,NA,0.1,0.1,0.1,0.1,NA,NA,NA,NA,1,1,1,1,NA,NA,NA,NA,NA,NA,NA,NA,NA,NA,NA
Coronado Bank alt2,121,178.49,1535.01,NA,NA,NA,NA,2.9,0.4,1.83,3.08,NA,NA,NA,NA,0.1,0.1,0.1,0.1,NA,NA,NA,NA,1,1,1,1,Coronado Bank alt2,NA,NA,NA,NA,NA,NA,NA,NA,NA,NA
Great Valley 05 Pittsburg Kirby Hills alt2,135,31.92,319.23,NA,NA,NA,NA,1.37,0.499,1.5,1.03,NA,NA,NA,NA,0.1,0.1,0.1,0.1,NA,NA,NA,NA,1,1,1,1,Great Valley 05 Pittsburg Kirby Hills alt2,NA,NA,NA,NA,NA,NA,NA,NA,NA,NA
Great Valley 06 Midland alt2,382,33.36,934.14,NA,NA,NA,NA,0.452,0.074,0.4,0.353,NA,NA,NA,NA,0.1,0.1,0.1,0.1,NA,NA,NA,NA,1,1,1,1,NA,NA,NA,NA,NA,NA,NA,NA,NA,NA,NA
Holser alt 2,229,17.15,374.08,NA,NA,NA,NA,0.401,1.14,0.4,0.321,NA,NA,NA,NA,0.1,0.1,0.1,0.1,NA,NA,NA,NA,1,1,1,1,NA,NA,NA,NA,NA,NA,NA,NA,NA,NA,NA
Mad River - Trinidad fault zone (alt2),546,89.93,2038.34,NA,NA,NA,NA,4.8,0.891,4.5,1.05,NA,NA,NA,NA,0.1,0.1,0.1,0.1,NA,NA,NA,NA,1,1,1,1,Mad River - Trinidad fault zone (alt2),NA,NA,NA,NA,NA,NA,NA,NA,NA,NA
Malibu Coast (Extension) alt 2,224,34.63,597.97,NA,NA,NA,NA,0.34,1.22,0.3,0.304,NA,NA,NA,NA,0.1,0.1,0.1,0.1,NA,NA,NA,NA,1,1,1,1,NA,NA,NA,NA,NA,NA,NA,NA,NA,NA,NA
Malibu Coast alt 2,223,37.81,652.92,NA,NA,NA,NA,0.371,2.49,0.3,0.28,NA,NA,NA,NA,0.1,0.1,0.1,0.1,NA,NA,NA,NA,1,1,1,1,"Malibu Coast, alt 2",37.81,652.92,NA,NA,NA,0.3,0.3,0.3,0,1
Mount Diablo Thrust,2,25.04,325.37,NA,NA,NA,NA,1.88,0.9,2,2.1,NA,NA,NA,NA,0.1,0.1,0.1,0.1,NA,NA,NA,NA,1,1,1,1,Mount Diablo Thrust,25.04,325.37,2,2,2,2,2,2,0,1
Newport-Inglewood alt 2,234,65.74,992.66,NA,NA,NA,NA,1.48,0.534,1,1.89,NA,NA,NA,NA,0.1,0.1,0.1,0.1,NA,NA,NA,NA,1,1,1,1,"Newport-Inglewood, alt 2",65.74,992.66,NA,NA,NA,1,1,1,0,1
North Channel,216,50.68,393.09,NA,NA,NA,NA,1.27,0.23,1,1.73,NA,NA,NA,NA,0.1,0.1,0.1,0.1,NA,NA,NA,NA,1,1,1,1,North Channel,50.68,393.09,NA,NA,NA,1,1,1,0,1
Oak Ridge (Offshore),218,37.95,565.81,NA,NA,NA,NA,2.17,1.6,3,1.3,NA,NA,NA,NA,0.1,0.1,0.1,0.1,NA,NA,NA,NA,1,1,1,1,Oak Ridge (Offshore),37.95,565.81,NA,NA,NA,3,3,3,0,1
Oak Ridge (Offshore) west extension,203,28.11,94.66,NA,NA,NA,NA,2.42,0.869,3,2.3,NA,NA,NA,NA,0.1,0.1,0.1,0.1,NA,NA,NA,NA,1,1,1,1,Oak Ridge (Offshore) west extension,NA,NA,NA,NA,NA,NA,NA,NA,NA,NA
Oceanside alt2,175,120.11,2244.02,NA,NA,NA,NA,0.718,0.047,0.01,1.95,NA,NA,NA,NA,0.1,0.1,0.1,0.1,NA,NA,NA,NA,1,1,1,1,NA,NA,NA,NA,NA,NA,NA,NA,NA,NA,NA
Pitas Point (Upper),217,34.96,449.34,NA,NA,NA,NA,1.13,0.191,1,1.84,NA,NA,NA,NA,0.1,0.1,0.1,0.1,NA,NA,NA,NA,1,1,1,1,Pitas Point (Upper),34.96,449.34,NA,NA,NA,1,1,1,0,1
Puente Hills (Coyote Hills),243,17.38,467.75,NA,NA,NA,NA,0.958,1.3,0.9,0.122,NA,NA,NA,NA,0.1,0.1,0.1,0.1,NA,NA,NA,NA,1,1,1,1,Puente Hills (Coyote Hills),17.38,467.75,NA,NA,NA,0.7,0.7,0.7,0,1
Puente Hills (LA),241,21.91,622.5,NA,NA,NA,NA,1.04,0.857,0.9,0.191,NA,NA,NA,NA,0.1,0.1,0.1,0.1,NA,NA,NA,NA,1,1,1,1,Puente Hills (LA),21.91,622.5,NA,NA,NA,0.7,0.7,0.7,0,1
Puente Hills (Santa Fe Springs),242,11.45,288.23,NA,NA,NA,NA,0.898,0.737,0.9,0.314,NA,NA,NA,NA,0.1,0.1,0.1,0.1,NA,NA,NA,NA,1,1,1,1,Puente Hills (Santa Fe Springs),11.45,288.23,NA,NA,NA,0.7,0.7,0.7,0,1
Redondo Canyon alt 2,233,24.66,310.45,NA,NA,NA,NA,0.43,0.14,0.39,0.0171,NA,NA,NA,NA,0.1,0.1,0.1,0.1,NA,NA,NA,NA,1,1,1,1,NA,NA,NA,NA,NA,NA,NA,NA,NA,NA,NA
San Diego Trough north alt2,179,116.93,970.53,NA,NA,NA,NA,2.33,1.89,1.5,1.98,NA,NA,NA,NA,0.1,0.1,0.1,0.1,NA,NA,NA,NA,1,1,1,1,NA,NA,NA,NA,NA,NA,NA,NA,NA,NA,NA
San Luis Bay 2011 CFM,710,16.16,161.6,NA,NA,NA,NA,0.104,0.179,0.1,0.0788,NA,NA,NA,NA,0.1,0.1,0.1,0.1,NA,NA,NA,NA,1,1,1,1,NA,NA,NA,NA,NA,NA,NA,NA,NA,NA,NA
San Luis Range (So Margin),75,115.02,1951.94,NA,NA,NA,NA,0.126,0.257,0.2,0.0894,NA,NA,NA,NA,0.1,0.1,0.1,0.1,NA,NA,NA,NA,1,1,1,1,San Luis Range (So Margin),63.8,902.29,0.2,0.2,0.2,0.2,0.2,0.2,0,1
Santa Cruz Catalina Ridge alt2,180,137.11,1508.18,NA,NA,NA,NA,1.34,0.7,1,2.5,NA,NA,NA,NA,0.1,0.1,0.1,0.1,NA,NA,NA,NA,1,1,1,1,NA,NA,NA,NA,NA,NA,NA,NA,NA,NA,NA
Santa Monica alt 2,225,27.99,423.88,NA,NA,NA,NA,1,0.552,1,1.68,NA,NA,NA,NA,0.1,0.1,0.1,0.1,NA,NA,NA,NA,1,1,1,1,"Santa Monica, alt 2",27.99,423.88,NA,NA,NA,1,1,1,0,1
Santa Susana alt 2,231,43.25,574.04,NA,NA,NA,NA,5.12,3.61,6,4.6,NA,NA,NA,NA,0.1,0.1,0.1,0.1,NA,NA,NA,NA,1,1,1,1,NA,NA,NA,NA,NA,NA,NA,NA,NA,NA,NA
Whittier alt 2,237,46.26,675.34,NA,NA,NA,NA,3.42,5.41,2.5,2.66,NA,NA,NA,NA,0.1,0.1,0.1,0.1,NA,NA,NA,NA,1,1,1,1,Whittier alt 2,NA,NA,NA,NA,NA,NA,NA,NA,NA,NA
Zayante-Vergeles,53,57.91,694.94,NA,NA,NA,NA,0.103,0.2,0.1,0.115,NA,NA,NA,NA,0.1,0.1,0.1,0.1,NA,NA,NA,NA,1,1,1,1,Zayante-Vergeles,57.91,694.94,0.1,0.1,0.1,0.1,0.1,0.1,0,1
